,CARUID,CROP,Y1987,Y1988,Y1989,Y1990,Y1991,Y1992,Y1993,Y1994,Y1995,Y1996,Y1997,Y1998,Y1999,Y2000,Y2001,Y2002,Y2003,Y2004,Y2005,Y2006,Y2007,Y2008,Y2009,Y2010,Y2011,Y2012,Y2013,Y2014,Y2015,Y2016,Y2017,Y2018,Y2019,Y2020,Y2021,Y2022,LATITUDE,LONGITUDE
42,1101,barley,59.1,55.7,68.7,50.6,54.3,75.0,52.0,53.2,53.8,60.0,62.0,65.0,51.0,65.0,47.0,66.0,52.0,58.0,62.0,47.0,53.0,49.0,51.0,56.0,58.0,62.0,63.6,58.3,64.1,65.6,66.7,65.5,67.9,62.9,67.0,69.8,46.25767444459159,-62.48386377434591
51,1101,oats,62.1,58.8,73.9,62.0,56.7,82.5,60.0,61.5,57.4,75.0,72.0,61.0,73.0,75.0,46.0,88.0,70.0,70.0,70.0,64.0,68.0,70.0,58.0,69.0,68.0,71.0,71.6,65.0,70.8,74.0,65.5,64.0,65.7,74.2,68.6,73.8,46.25767444459159,-62.48386377434591
54,1101,spring_wheat,52.2,46.1,53.7,46.4,49.3,67.7,42.8,49.6,47.3,50.0,46.0,49.0,36.0,55.0,41.0,56.0,43.0,41.0,46.0,41.0,46.0,38.0,48.0,39.0,49.0,51.0,48.8,48.4,53.7,50.8,55.4,51.2,56.9,48.7,52.3,55.4,46.25767444459159,-62.48386377434591
55,1101,winter_wheat,52.5,57.1,48.0,48.4,52.6,47.4,38.7,50.8,48.4,48.9,49.0,49.0,40.0,45.0,43.0,50.0,48.0,32.0,44.0,43.1,48.0,49.0,35.1,45.0,53.0,55.0,48.3,48.0,46.7,58.3,59.4,66.7,60.3,62.8,73.3,84.9,46.25767444459159,-62.48386377434591
56,1102,barley,59.1,55.7,68.7,50.6,54.3,75.0,52.0,53.2,53.8,60.0,62.0,65.0,51.0,65.0,47.0,66.0,52.0,58.0,62.0,47.0,53.0,49.0,51.0,56.0,58.0,62.0,63.6,58.3,64.1,65.6,66.7,65.5,67.9,62.9,67.0,69.8,46.21221729369965,-63.114662011554046
65,1102,oats,62.1,58.8,73.9,62.0,56.7,82.5,60.0,61.5,57.4,75.0,72.0,61.0,73.0,75.0,46.0,88.0,70.0,70.0,70.0,64.0,68.0,70.0,58.0,69.0,68.0,71.0,71.6,65.0,70.8,74.0,65.5,64.0,65.7,74.2,68.6,73.8,46.21221729369965,-63.114662011554046
68,1102,spring_wheat,52.2,46.1,53.7,46.4,49.3,67.7,42.8,49.6,47.3,50.0,46.0,49.0,36.0,55.0,41.0,56.0,43.0,41.0,46.0,41.0,46.0,38.0,48.0,39.0,49.0,51.0,48.8,48.4,53.7,50.8,55.4,51.2,56.9,48.7,52.3,55.4,46.21221729369965,-63.114662011554046
69,1102,winter_wheat,52.5,57.1,48.0,48.4,52.6,47.4,38.7,50.8,48.4,48.9,49.0,49.0,40.0,45.0,43.0,50.0,48.0,32.0,44.0,43.1,48.0,49.0,35.1,45.0,53.0,55.0,48.3,48.0,46.7,58.3,59.4,66.7,60.3,62.8,73.3,84.9,46.21221729369965,-63.114662011554046
70,1103,barley,59.1,55.7,68.7,50.6,54.3,75.0,52.0,53.2,53.8,60.0,62.0,65.0,51.0,65.0,47.0,66.0,52.0,58.0,62.0,47.0,53.0,49.0,51.0,56.0,58.0,62.0,63.6,58.3,64.1,65.6,66.7,65.5,67.9,62.9,67.0,69.8,46.55966344023409,-63.93799951771683
79,1103,oats,62.1,58.8,73.9,62.0,56.7,82.5,60.0,61.5,57.4,75.0,72.0,61.0,73.0,75.0,46.0,88.0,70.0,70.0,70.0,64.0,68.0,70.0,58.0,69.0,68.0,71.0,71.6,65.0,70.8,74.0,65.5,64.0,65.7,74.2,68.6,73.8,46.55966344023409,-63.93799951771683
82,1103,spring_wheat,52.2,46.1,53.7,46.4,49.3,67.7,42.8,49.6,47.3,50.0,46.0,49.0,36.0,55.0,41.0,56.0,43.0,41.0,46.0,41.0,46.0,38.0,48.0,39.0,49.0,51.0,48.8,48.4,53.7,50.8,55.4,51.2,56.9,48.7,52.3,55.4,46.55966344023409,-63.93799951771683
83,1103,winter_wheat,52.5,57.1,48.0,48.4,52.6,47.4,38.7,50.8,48.4,48.9,49.0,49.0,40.0,45.0,43.0,50.0,48.0,32.0,44.0,43.1,48.0,49.0,35.1,45.0,53.0,55.0,48.3,48.0,46.7,58.3,59.4,66.7,60.3,62.8,73.3,84.9,46.55966344023409,-63.93799951771683
84,1201,barley,57.6,55.8,59.3,47.2,46.2,73.0,56.5,55.5,58.5,63.7,51.7,54.8,48.3,55.8,49.0,71.0,53.0,52.0,48.0,41.0,49.0,55.0,56.0,59.0,55.0,63.0,48.5,59.7,62.7,65.2,68.6,55.3,52.4,51.5,64.0,57.7,44.109156798862365,-65.31218993670555
87,1201,corn,84.0,92.0,94.3,71.4,80.1,90.0,78.1,80.2,94.4,79.4,79.7,103.6,79.7,100.4,99.0,105.0,113.0,110.0,105.0,107.0,115.0,129.0,126.0,126.0,121.0,115.0,127.3,126.0,125.7,122.4,134.4,127.2,114.5,113.9,137.7,116.3,44.109156798862365,-65.31218993670555
93,1201,oats,51.9,60.6,58.8,55.0,41.7,90.0,60.9,54.2,66.1,66.7,52.0,56.2,57.7,65.6,58.0,74.0,63.0,66.0,74.0,54.0,58.0,60.0,66.0,60.0,67.0,62.0,57.3,63.7,66.5,73.8,60.0,72.6,60.0,59.9,78.1,64.4,44.109156798862365,-65.31218993670555
97,1201,winter_wheat,65.0,62.3,66.7,51.2,33.3,75.0,65.2,51.6,55.0,59.5,51.4,47.9,49.1,55.9,54.0,68.0,50.0,61.0,57.0,51.1,62.0,68.0,56.0,48.0,70.0,65.1,61.8,61.5,74.7,73.1,74.6,72.9,69.7,63.6,74.1,79.0,44.109156798862365,-65.31218993670555
98,1202,barley,57.6,55.8,59.3,47.2,46.2,73.0,56.5,55.5,58.5,63.7,51.7,54.8,48.3,55.8,49.0,71.0,53.0,52.0,48.0,41.0,49.0,55.0,56.0,59.0,55.0,63.0,48.5,59.7,62.7,65.2,68.6,55.3,52.4,51.5,64.0,57.7,44.93184922003424,-64.58559354413967
101,1202,corn,84.0,92.0,94.3,71.4,80.1,90.0,78.1,80.2,94.4,79.4,79.7,103.6,79.7,100.4,99.0,105.0,113.0,110.0,105.0,107.0,115.0,129.0,126.0,126.0,121.0,115.0,127.3,126.0,125.7,122.4,134.4,127.2,114.5,113.9,137.7,116.3,44.93184922003424,-64.58559354413967
107,1202,oats,51.9,60.6,58.8,55.0,41.7,90.0,60.9,54.2,66.1,66.7,52.0,56.2,57.7,65.6,58.0,74.0,63.0,66.0,74.0,54.0,58.0,60.0,66.0,60.0,67.0,62.0,57.3,63.7,66.5,73.8,60.0,72.6,60.0,59.9,78.1,64.4,44.93184922003424,-64.58559354413967
111,1202,winter_wheat,65.0,62.3,66.7,51.2,33.3,75.0,65.2,51.6,55.0,59.5,51.4,47.9,49.1,55.9,54.0,68.0,50.0,61.0,57.0,51.1,62.0,68.0,56.0,48.0,70.0,65.1,61.8,61.5,74.7,73.1,74.6,72.9,69.7,63.6,74.1,79.0,44.93184922003424,-64.58559354413967
112,1203,barley,57.6,55.8,59.3,47.2,46.2,73.0,56.5,55.5,58.5,63.7,51.7,54.8,48.3,55.8,49.0,71.0,53.0,52.0,48.0,41.0,49.0,55.0,56.0,59.0,55.0,63.0,48.5,59.7,62.7,65.2,68.6,55.3,52.4,51.5,64.0,57.7,45.25196021491423,-63.472976623481244
115,1203,corn,84.0,92.0,94.3,71.4,80.1,90.0,78.1,80.2,94.4,79.4,79.7,103.6,79.7,100.4,99.0,105.0,113.0,110.0,105.0,107.0,115.0,129.0,126.0,126.0,121.0,115.0,127.3,126.0,125.7,122.4,134.4,127.2,114.5,113.9,137.7,116.3,45.25196021491423,-63.472976623481244
121,1203,oats,51.9,60.6,58.8,55.0,41.7,90.0,60.9,54.2,66.1,66.7,52.0,56.2,57.7,65.6,58.0,74.0,63.0,66.0,74.0,54.0,58.0,60.0,66.0,60.0,67.0,62.0,57.3,63.7,66.5,73.8,60.0,72.6,60.0,59.9,78.1,64.4,45.25196021491423,-63.472976623481244
125,1203,winter_wheat,65.0,62.3,66.7,51.2,33.3,75.0,65.2,51.6,55.0,59.5,51.4,47.9,49.1,55.9,54.0,68.0,50.0,61.0,57.0,51.1,62.0,68.0,56.0,48.0,70.0,65.1,61.8,61.5,74.7,73.1,74.6,72.9,69.7,63.6,74.1,79.0,45.25196021491423,-63.472976623481244
126,1204,barley,57.6,55.8,59.3,47.2,46.2,73.0,56.5,55.5,58.5,63.7,51.7,54.8,48.3,55.8,49.0,71.0,53.0,52.0,48.0,41.0,49.0,55.0,56.0,59.0,55.0,63.0,48.5,59.7,62.7,65.2,68.6,55.3,52.4,51.5,64.0,57.7,45.47567089910285,-62.07862130476977
129,1204,corn,84.0,92.0,94.3,71.4,80.1,90.0,78.1,80.2,94.4,79.4,79.7,103.6,79.7,100.4,99.0,105.0,113.0,110.0,105.0,107.0,115.0,129.0,126.0,126.0,121.0,115.0,127.3,126.0,125.7,122.4,134.4,127.2,114.5,113.9,137.7,116.3,45.47567089910285,-62.07862130476977
135,1204,oats,51.9,60.6,58.8,55.0,41.7,90.0,60.9,54.2,66.1,66.7,52.0,56.2,57.7,65.6,58.0,74.0,63.0,66.0,74.0,54.0,58.0,60.0,66.0,60.0,67.0,62.0,57.3,63.7,66.5,73.8,60.0,72.6,60.0,59.9,78.1,64.4,45.47567089910285,-62.07862130476977
139,1204,winter_wheat,65.0,62.3,66.7,51.2,33.3,75.0,65.2,51.6,55.0,59.5,51.4,47.9,49.1,55.9,54.0,68.0,50.0,61.0,57.0,51.1,62.0,68.0,56.0,48.0,70.0,65.1,61.8,61.5,74.7,73.1,74.6,72.9,69.7,63.6,74.1,79.0,45.47567089910285,-62.07862130476977
140,1205,barley,57.6,55.8,59.3,47.2,46.2,73.0,56.5,55.5,58.5,63.7,51.7,54.8,48.3,55.8,49.0,71.0,53.0,52.0,48.0,41.0,49.0,55.0,56.0,59.0,55.0,63.0,48.5,59.7,62.7,65.2,68.6,55.3,52.4,51.5,64.0,57.7,46.14717422500764,-60.691847733834415
143,1205,corn,84.0,92.0,94.3,71.4,80.1,90.0,78.1,80.2,94.4,79.4,79.7,103.6,79.7,100.4,99.0,105.0,113.0,110.0,105.0,107.0,115.0,129.0,126.0,126.0,121.0,115.0,127.3,126.0,125.7,122.4,134.4,127.2,114.5,113.9,137.7,116.3,46.14717422500764,-60.691847733834415
149,1205,oats,51.9,60.6,58.8,55.0,41.7,90.0,60.9,54.2,66.1,66.7,52.0,56.2,57.7,65.6,58.0,74.0,63.0,66.0,74.0,54.0,58.0,60.0,66.0,60.0,67.0,62.0,57.3,63.7,66.5,73.8,60.0,72.6,60.0,59.9,78.1,64.4,46.14717422500764,-60.691847733834415
153,1205,winter_wheat,65.0,62.3,66.7,51.2,33.3,75.0,65.2,51.6,55.0,59.5,51.4,47.9,49.1,55.9,54.0,68.0,50.0,61.0,57.0,51.1,62.0,68.0,56.0,48.0,70.0,65.1,61.8,61.5,74.7,73.1,74.6,72.9,69.7,63.6,74.1,79.0,46.14717422500764,-60.691847733834415
154,1301,barley,61.5,56.2,65.0,56.3,50.0,67.5,53.3,47.1,49.6,63.0,62.0,52.0,62.5,65.0,60.0,69.0,61.0,58.0,60.0,42.0,64.0,53.0,57.0,58.0,39.0,57.0,53.8,54.4,66.7,65.0,69.3,53.1,68.0,43.6,62.0,65.9,46.59337062701901,-67.36640377432907
163,1301,oats,56.0,56.7,60.6,55.0,50.0,70.6,58.7,52.9,53.9,75.0,66.0,73.0,64.0,75.0,62.0,73.0,65.0,66.0,72.0,63.0,74.0,60.0,61.0,71.0,48.0,67.0,67.9,67.3,78.9,74.2,77.6,61.9,75.1,69.1,89.9,89.7,46.59337062701901,-67.36640377432907
166,1301,spring_wheat,49.2,52.2,50.0,50.0,50.1,60.0,49.5,31.4,36.5,55.1,50.0,60.0,58.6,50.0,43.0,59.0,39.0,45.1,48.0,28.2,42.0,40.0,30.0,49.0,49.0,45.0,47.0,42.0,51.0,49.4,54.3,50.5,53.6,40.2,56.1,55.0,46.59337062701901,-67.36640377432907
168,1302,barley,61.5,56.2,65.0,56.3,50.0,67.5,53.3,47.1,49.6,63.0,62.0,52.0,62.5,65.0,60.0,69.0,61.0,58.0,60.0,42.0,64.0,53.0,57.0,58.0,39.0,57.0,53.8,54.4,66.7,65.0,69.3,53.1,68.0,43.6,62.0,65.9,45.57545437596661,-66.2196635875706
177,1302,oats,56.0,56.7,60.6,55.0,50.0,70.6,58.7,52.9,53.9,75.0,66.0,73.0,64.0,75.0,62.0,73.0,65.0,66.0,72.0,63.0,74.0,60.0,61.0,71.0,48.0,67.0,67.9,67.3,78.9,74.2,77.6,61.9,75.1,69.1,89.9,89.7,45.57545437596661,-66.2196635875706
180,1302,spring_wheat,49.2,52.2,50.0,50.0,50.1,60.0,49.5,31.4,36.5,55.1,50.0,60.0,58.6,50.0,43.0,59.0,39.0,45.1,48.0,28.2,42.0,40.0,30.0,49.0,49.0,45.0,47.0,42.0,51.0,49.4,54.3,50.5,53.6,40.2,56.1,55.0,45.57545437596661,-66.2196635875706
182,1303,barley,61.5,56.2,65.0,56.3,50.0,67.5,53.3,47.1,49.6,63.0,62.0,52.0,62.5,65.0,60.0,69.0,61.0,58.0,60.0,42.0,64.0,53.0,57.0,58.0,39.0,57.0,53.8,54.4,66.7,65.0,69.3,53.1,68.0,43.6,62.0,65.9,46.22609405550247,-64.86730338745295
191,1303,oats,56.0,56.7,60.6,55.0,50.0,70.6,58.7,52.9,53.9,75.0,66.0,73.0,64.0,75.0,62.0,73.0,65.0,66.0,72.0,63.0,74.0,60.0,61.0,71.0,48.0,67.0,67.9,67.3,78.9,74.2,77.6,61.9,75.1,69.1,89.9,89.7,46.22609405550247,-64.86730338745295
194,1303,spring_wheat,49.2,52.2,50.0,50.0,50.1,60.0,49.5,31.4,36.5,55.1,50.0,60.0,58.6,50.0,43.0,59.0,39.0,45.1,48.0,28.2,42.0,40.0,30.0,49.0,49.0,45.0,47.0,42.0,51.0,49.4,54.3,50.5,53.6,40.2,56.1,55.0,46.22609405550247,-64.86730338745295
196,1304,barley,61.5,56.2,65.0,56.3,50.0,67.5,53.3,47.1,49.6,63.0,62.0,52.0,62.5,65.0,60.0,69.0,61.0,58.0,60.0,42.0,64.0,53.0,57.0,58.0,39.0,57.0,53.8,54.4,66.7,65.0,69.3,53.1,68.0,43.6,62.0,65.9,47.34554857033272,-66.18591942384492
205,1304,oats,56.0,56.7,60.6,55.0,50.0,70.6,58.7,52.9,53.9,75.0,66.0,73.0,64.0,75.0,62.0,73.0,65.0,66.0,72.0,63.0,74.0,60.0,61.0,71.0,48.0,67.0,67.9,67.3,78.9,74.2,77.6,61.9,75.1,69.1,89.9,89.7,47.34554857033272,-66.18591942384492
208,1304,spring_wheat,49.2,52.2,50.0,50.0,50.1,60.0,49.5,31.4,36.5,55.1,50.0,60.0,58.6,50.0,43.0,59.0,39.0,45.1,48.0,28.2,42.0,40.0,30.0,49.0,49.0,45.0,47.0,42.0,51.0,49.4,54.3,50.5,53.6,40.2,56.1,55.0,47.34554857033272,-66.18591942384492
213,2401,corn,98.8,99.7,98.3,107.0,101.4,82.9,104.2,113.7,114.3,111.0,106.2,128.7,128.9,92.9,110.6,112.2,127.3,132.4,130.8,114.7,145.5,131.4,120.0,148.0,132.4,142.0,144.3,136.6,162.5,166.4,159.3,150.4,141.4,144.7,152.6,158.3,48.36396288964236,-66.91263633009446
221,2401,soybeans,33.0,28.3,36.6,41.6,38.8,39.7,43.3,45.1,43.2,40.7,41.8,45.5,45.6,37.2,32.2,35.4,38.2,38.9,40.4,41.2,40.0,39.0,33.1,46.0,39.8,43.9,42.9,37.5,47.3,48.2,41.9,46.9,46.6,48.4,44.9,43.7,48.36396288964236,-66.91263633009446
222,2401,spring_wheat,40.9,37.4,47.4,47.9,43.9,49.7,44.2,37.8,40.9,40.9,46.6,42.8,44.6,48.8,47.4,48.8,46.3,49.1,43.8,43.3,45.9,42.0,39.8,44.6,41.0,47.4,45.8,46.0,51.0,51.1,46.6,44.5,50.7,34.4,50.8,56.4,48.36396288964236,-66.91263633009446
223,2401,winter_wheat,47.9,45.4,41.7,36.5,35.7,36.7,47.7,38.5,46.3,44.6,39.7,37.2,44.6,44.6,39.7,44.6,45.3,42.0,43.1,52.0,47.9,41.3,47.8,48.3,48.0,53.1,51.2,50.8,57.1,60.6,54.7,55.8,50.2,36.2,68.7,64.6,48.36396288964236,-66.91263633009446
236,2402,spring_wheat,40.9,37.4,47.4,47.9,43.9,49.7,44.2,37.8,40.9,40.9,46.6,42.8,44.6,48.8,47.4,48.8,46.3,49.1,43.8,43.3,45.9,42.0,39.8,44.6,41.0,47.4,45.8,46.0,51.0,51.1,46.6,44.5,50.7,34.4,50.8,56.4,51.06116753877948,-67.41169111996075
237,2402,winter_wheat,47.9,45.4,41.7,36.5,35.7,36.7,47.7,38.5,46.3,44.6,39.7,37.2,44.6,44.6,39.7,44.6,45.3,42.0,43.1,52.0,47.9,41.3,47.8,48.3,48.0,53.1,51.2,50.8,57.1,60.6,54.7,55.8,50.2,36.2,68.7,64.6,51.06116753877948,-67.41169111996075
250,2403,spring_wheat,40.9,37.4,47.4,47.9,43.9,49.7,44.2,37.8,40.9,40.9,46.6,42.8,44.6,48.8,47.4,48.8,46.3,49.1,43.8,43.3,45.9,42.0,39.8,44.6,41.0,47.4,45.8,46.0,51.0,51.1,46.6,44.5,50.7,34.4,50.8,56.4,47.6363740624678,-72.93377560953724
251,2403,winter_wheat,47.9,45.4,41.7,36.5,35.7,36.7,47.7,38.5,46.3,44.6,39.7,37.2,44.6,44.6,39.7,44.6,45.3,42.0,43.1,52.0,47.9,41.3,47.8,48.3,48.0,53.1,51.2,50.8,57.1,60.6,54.7,55.8,50.2,36.2,68.7,64.6,47.6363740624678,-72.93377560953724
264,2404,spring_wheat,40.9,37.4,47.4,47.9,43.9,49.7,44.2,37.8,40.9,40.9,46.6,42.8,44.6,48.8,47.4,48.8,46.3,49.1,43.8,43.3,45.9,42.0,39.8,44.6,41.0,47.4,45.8,46.0,51.0,51.1,46.6,44.5,50.7,34.4,50.8,56.4,45.46532245681623,-71.58564281440816
265,2404,winter_wheat,47.9,45.4,41.7,36.5,35.7,36.7,47.7,38.5,46.3,44.6,39.7,37.2,44.6,44.6,39.7,44.6,45.3,42.0,43.1,52.0,47.9,41.3,47.8,48.3,48.0,53.1,51.2,50.8,57.1,60.6,54.7,55.8,50.2,36.2,68.7,64.6,45.46532245681623,-71.58564281440816
278,2405,spring_wheat,40.9,37.4,47.4,47.9,43.9,49.7,44.2,37.8,40.9,40.9,46.6,42.8,44.6,48.8,47.4,48.8,46.3,49.1,43.8,43.3,45.9,42.0,39.8,44.6,41.0,47.4,45.8,46.0,51.0,51.1,46.6,44.5,50.7,34.4,50.8,56.4,46.57378409473011,-73.90590457395558
279,2405,winter_wheat,47.9,45.4,41.7,36.5,35.7,36.7,47.7,38.5,46.3,44.6,39.7,37.2,44.6,44.6,39.7,44.6,45.3,42.0,43.1,52.0,47.9,41.3,47.8,48.3,48.0,53.1,51.2,50.8,57.1,60.6,54.7,55.8,50.2,36.2,68.7,64.6,46.57378409473011,-73.90590457395558
292,2406,spring_wheat,40.9,37.4,47.4,47.9,43.9,49.7,44.2,37.8,40.9,40.9,46.6,42.8,44.6,48.8,47.4,48.8,46.3,49.1,43.8,43.3,45.9,42.0,39.8,44.6,41.0,47.4,45.8,46.0,51.0,51.1,46.6,44.5,50.7,34.4,50.8,56.4,46.56264397741534,-75.85065007188086
293,2406,winter_wheat,47.9,45.4,41.7,36.5,35.7,36.7,47.7,38.5,46.3,44.6,39.7,37.2,44.6,44.6,39.7,44.6,45.3,42.0,43.1,52.0,47.9,41.3,47.8,48.3,48.0,53.1,51.2,50.8,57.1,60.6,54.7,55.8,50.2,36.2,68.7,64.6,46.56264397741534,-75.85065007188086
297,2407,corn,98.8,99.7,98.3,107.0,101.4,82.9,104.2,113.7,114.3,111.0,106.2,128.7,128.9,92.9,110.6,112.2,127.3,132.4,130.8,114.7,145.5,131.4,120.0,148.0,132.4,142.0,144.3,136.6,162.5,166.4,159.3,150.4,141.4,144.7,152.6,158.3,55.49297370713057,-73.2913729408909
305,2407,soybeans,33.0,28.3,36.6,41.6,38.8,39.7,43.3,45.1,43.2,40.7,41.8,45.5,45.6,37.2,32.2,35.4,38.2,38.9,40.4,41.2,40.0,39.0,33.1,46.0,39.8,43.9,42.9,37.5,47.3,48.2,41.9,46.9,46.6,48.4,44.9,43.7,55.49297370713057,-73.2913729408909
306,2407,spring_wheat,40.9,37.4,47.4,47.9,43.9,49.7,44.2,37.8,40.9,40.9,46.6,42.8,44.6,48.8,47.4,48.8,46.3,49.1,43.8,43.3,45.9,42.0,39.8,44.6,41.0,47.4,45.8,46.0,51.0,51.1,46.6,44.5,50.7,34.4,50.8,56.4,55.49297370713057,-73.2913729408909
307,2407,winter_wheat,47.9,45.4,41.7,36.5,35.7,36.7,47.7,38.5,46.3,44.6,39.7,37.2,44.6,44.6,39.7,44.6,45.3,42.0,43.1,52.0,47.9,41.3,47.8,48.3,48.0,53.1,51.2,50.8,57.1,60.6,54.7,55.8,50.2,36.2,68.7,64.6,55.49297370713057,-73.2913729408909
320,2408,spring_wheat,40.9,37.4,47.4,47.9,43.9,49.7,44.2,37.8,40.9,40.9,46.6,42.8,44.6,48.8,47.4,48.8,46.3,49.1,43.8,43.3,45.9,42.0,39.8,44.6,41.0,47.4,45.8,46.0,51.0,51.1,46.6,44.5,50.7,34.4,50.8,56.4,46.4852312111782,-70.73768930425392
321,2408,winter_wheat,47.9,45.4,41.7,36.5,35.7,36.7,47.7,38.5,46.3,44.6,39.7,37.2,44.6,44.6,39.7,44.6,45.3,42.0,43.1,52.0,47.9,41.3,47.8,48.3,48.0,53.1,51.2,50.8,57.1,60.6,54.7,55.8,50.2,36.2,68.7,64.6,46.4852312111782,-70.73768930425392
334,2409,spring_wheat,40.9,37.4,47.4,47.9,43.9,49.7,44.2,37.8,40.9,40.9,46.6,42.8,44.6,48.8,47.4,48.8,46.3,49.1,43.8,43.3,45.9,42.0,39.8,44.6,41.0,47.4,45.8,46.0,51.0,51.1,46.6,44.5,50.7,34.4,50.8,56.4,45.5108699535682,-72.90086614572107
335,2409,winter_wheat,47.9,45.4,41.7,36.5,35.7,36.7,47.7,38.5,46.3,44.6,39.7,37.2,44.6,44.6,39.7,44.6,45.3,42.0,43.1,52.0,47.9,41.3,47.8,48.3,48.0,53.1,51.2,50.8,57.1,60.6,54.7,55.8,50.2,36.2,68.7,64.6,45.5108699535682,-72.90086614572107
345,2410,oats,59.0,61.6,61.4,71.8,59.1,77.9,66.3,60.0,58.9,67.4,70.1,71.8,69.2,67.5,74.3,68.8,68.7,70.8,62.4,63.5,67.4,57.2,58.9,65.7,61.0,63.9,63.0,65.5,67.5,68.0,67.4,62.3,70.0,57.1,80.0,72.1,45.21227866920281,-73.78249312061156
348,2410,spring_wheat,40.9,37.4,47.4,47.9,43.9,49.7,44.2,37.8,40.9,40.9,46.6,42.8,44.6,48.8,47.4,48.8,46.3,49.1,43.8,43.3,45.9,42.0,39.8,44.6,41.0,47.4,45.8,46.0,51.0,51.1,46.6,44.5,50.7,34.4,50.8,56.4,45.21227866920281,-73.78249312061156
349,2410,winter_wheat,47.9,45.4,41.7,36.5,35.7,36.7,47.7,38.5,46.3,44.6,39.7,37.2,44.6,44.6,39.7,44.6,45.3,42.0,43.1,52.0,47.9,41.3,47.8,48.3,48.0,53.1,51.2,50.8,57.1,60.6,54.7,55.8,50.2,36.2,68.7,64.6,45.21227866920281,-73.78249312061156
362,2411,spring_wheat,40.9,37.4,47.4,47.9,43.9,49.7,44.2,37.8,40.9,40.9,46.6,42.8,44.6,48.8,47.4,48.8,46.3,49.1,43.8,43.3,45.9,42.0,39.8,44.6,41.0,47.4,45.8,46.0,51.0,51.1,46.6,44.5,50.7,34.4,50.8,56.4,46.091884643278696,-72.14863955603757
363,2411,winter_wheat,47.9,45.4,41.7,36.5,35.7,36.7,47.7,38.5,46.3,44.6,39.7,37.2,44.6,44.6,39.7,44.6,45.3,42.0,43.1,52.0,47.9,41.3,47.8,48.3,48.0,53.1,51.2,50.8,57.1,60.6,54.7,55.8,50.2,36.2,68.7,64.6,46.091884643278696,-72.14863955603757
364,2412,barley,48.8,52.7,58.5,62.4,55.1,65.1,53.2,45.1,50.6,53.7,61.7,62.2,61.2,59.7,62.8,57.5,55.6,60.5,57.7,54.4,60.6,49.2,54.3,56.4,51.3,60.6,58.0,56.8,62.3,63.2,61.7,54.1,60.2,46.9,66.8,62.4,46.51549644967244,-70.73649362081807
367,2412,corn,98.8,99.7,98.3,107.0,101.4,82.9,104.2,113.7,114.3,111.0,106.2,128.7,128.9,92.9,110.6,112.2,127.3,132.4,130.8,114.7,145.5,131.4,120.0,148.0,132.4,142.0,144.3,136.6,162.5,166.4,159.3,150.4,141.4,144.7,152.6,158.3,46.51549644967244,-70.73649362081807
373,2412,oats,59.0,61.6,61.4,71.8,59.1,77.9,66.3,60.0,58.9,67.4,70.1,71.8,69.2,67.5,74.3,68.8,68.7,70.8,62.4,63.5,67.4,57.2,58.9,65.7,61.0,63.9,63.0,65.5,67.5,68.0,67.4,62.3,70.0,57.1,80.0,72.1,46.51549644967244,-70.73649362081807
375,2412,soybeans,33.0,28.3,36.6,41.6,38.8,39.7,43.3,45.1,43.2,40.7,41.8,45.5,45.6,37.2,32.2,35.4,38.2,38.9,40.4,41.2,40.0,39.0,33.1,46.0,39.8,43.9,42.9,37.5,47.3,48.2,41.9,46.9,46.6,48.4,44.9,43.7,46.51549644967244,-70.73649362081807
376,2412,spring_wheat,40.9,37.4,47.4,47.9,43.9,49.7,44.2,37.8,40.9,40.9,46.6,42.8,44.6,48.8,47.4,48.8,46.3,49.1,43.8,43.3,45.9,42.0,39.8,44.6,41.0,47.4,45.8,46.0,51.0,51.1,46.6,44.5,50.7,34.4,50.8,56.4,46.51549644967244,-70.73649362081807
377,2412,winter_wheat,47.9,45.4,41.7,36.5,35.7,36.7,47.7,38.5,46.3,44.6,39.7,37.2,44.6,44.6,39.7,44.6,45.3,42.0,43.1,52.0,47.9,41.3,47.8,48.3,48.0,53.1,51.2,50.8,57.1,60.6,54.7,55.8,50.2,36.2,68.7,64.6,46.51549644967244,-70.73649362081807
378,2413,barley,48.8,52.7,58.5,62.4,55.1,65.1,53.2,45.1,50.6,53.7,61.7,62.2,61.2,59.7,62.8,57.5,55.6,60.5,57.7,54.4,60.6,49.2,54.3,56.4,51.3,60.6,58.0,56.8,62.3,63.2,61.7,54.1,60.2,46.9,66.8,62.4,45.38656993999983,-73.30004660353592
381,2413,corn,98.8,99.7,98.3,107.0,101.4,82.9,104.2,113.7,114.3,111.0,106.2,128.7,128.9,92.9,110.6,112.2,127.3,132.4,130.8,114.7,145.5,131.4,120.0,148.0,132.4,142.0,144.3,136.6,162.5,166.4,159.3,150.4,141.4,144.7,152.6,158.3,45.38656993999983,-73.30004660353592
387,2413,oats,59.0,61.6,61.4,71.8,59.1,77.9,66.3,60.0,58.9,67.4,70.1,71.8,69.2,67.5,74.3,68.8,68.7,70.8,62.4,63.5,67.4,57.2,58.9,65.7,61.0,63.9,63.0,65.5,67.5,68.0,67.4,62.3,70.0,57.1,80.0,72.1,45.38656993999983,-73.30004660353592
389,2413,soybeans,33.0,28.3,36.6,41.6,38.8,39.7,43.3,45.1,43.2,40.7,41.8,45.5,45.6,37.2,32.2,35.4,38.2,38.9,40.4,41.2,40.0,39.0,33.1,46.0,39.8,43.9,42.9,37.5,47.3,48.2,41.9,46.9,46.6,48.4,44.9,43.7,45.38656993999983,-73.30004660353592
390,2413,spring_wheat,40.9,37.4,47.4,47.9,43.9,49.7,44.2,37.8,40.9,40.9,46.6,42.8,44.6,48.8,47.4,48.8,46.3,49.1,43.8,43.3,45.9,42.0,39.8,44.6,41.0,47.4,45.8,46.0,51.0,51.1,46.6,44.5,50.7,34.4,50.8,56.4,45.38656993999983,-73.30004660353592
391,2413,winter_wheat,47.9,45.4,41.7,36.5,35.7,36.7,47.7,38.5,46.3,44.6,39.7,37.2,44.6,44.6,39.7,44.6,45.3,42.0,43.1,52.0,47.9,41.3,47.8,48.3,48.0,53.1,51.2,50.8,57.1,60.6,54.7,55.8,50.2,36.2,68.7,64.6,45.38656993999983,-73.30004660353592
392,2414,barley,48.8,52.7,58.5,62.4,55.1,65.1,53.2,45.1,50.6,53.7,61.7,62.2,61.2,59.7,62.8,57.5,55.6,60.5,57.7,54.4,60.6,49.2,54.3,56.4,51.3,60.6,58.0,56.8,62.3,63.2,61.7,54.1,60.2,46.9,66.8,62.4,46.0970656993351,-72.16617577752008
395,2414,corn,98.8,99.7,98.3,107.0,101.4,82.9,104.2,113.7,114.3,111.0,106.2,128.7,128.9,92.9,110.6,112.2,127.3,132.4,130.8,114.7,145.5,131.4,120.0,148.0,132.4,142.0,144.3,136.6,162.5,166.4,159.3,150.4,141.4,144.7,152.6,158.3,46.0970656993351,-72.16617577752008
401,2414,oats,59.0,61.6,61.4,71.8,59.1,77.9,66.3,60.0,58.9,67.4,70.1,71.8,69.2,67.5,74.3,68.8,68.7,70.8,62.4,63.5,67.4,57.2,58.9,65.7,61.0,63.9,63.0,65.5,67.5,68.0,67.4,62.3,70.0,57.1,80.0,72.1,46.0970656993351,-72.16617577752008
403,2414,soybeans,33.0,28.3,36.6,41.6,38.8,39.7,43.3,45.1,43.2,40.7,41.8,45.5,45.6,37.2,32.2,35.4,38.2,38.9,40.4,41.2,40.0,39.0,33.1,46.0,39.8,43.9,42.9,37.5,47.3,48.2,41.9,46.9,46.6,48.4,44.9,43.7,46.0970656993351,-72.16617577752008
404,2414,spring_wheat,40.9,37.4,47.4,47.9,43.9,49.7,44.2,37.8,40.9,40.9,46.6,42.8,44.6,48.8,47.4,48.8,46.3,49.1,43.8,43.3,45.9,42.0,39.8,44.6,41.0,47.4,45.8,46.0,51.0,51.1,46.6,44.5,50.7,34.4,50.8,56.4,46.0970656993351,-72.16617577752008
405,2414,winter_wheat,47.9,45.4,41.7,36.5,35.7,36.7,47.7,38.5,46.3,44.6,39.7,37.2,44.6,44.6,39.7,44.6,45.3,42.0,43.1,52.0,47.9,41.3,47.8,48.3,48.0,53.1,51.2,50.8,57.1,60.6,54.7,55.8,50.2,36.2,68.7,64.6,46.0970656993351,-72.16617577752008
406,3501,barley,52.6,41.6,51.6,53.5,49.3,58.7,58.3,61.6,63.9,47.7,56.2,47.1,63.8,50.6,65.4,56.3,64.2,49.3,56.9,74.5,55.4,64.5,61.7,43.0,43.7,61.5,26.4,40.3,64.7,62.7,71.1,92.0,54.6,77.0,86.1,67.8,42.83425895506159,-81.15835786029719
408,3501,canola,32.5,21.8,27.5,38.0,31.1,37.1,34.0,36.4,34.1,40.0,36.9,38.5,34.3,37.8,39.4,32.5,36.0,37.3,25.0,41.7,34.7,40.0,39.4,41.6,36.9,36.5,36.7,43.1,42.9,41.9,46.5,47.1,43.2,45.9,43.0,50.9,42.83425895506159,-81.15835786029719
409,3501,corn,117.9,88.9,110.5,117.9,111.0,103.7,118.9,135.3,116.3,112.8,120.0,137.3,126.5,114.9,102.6,105.7,133.9,134.6,150.8,155.3,137.3,167.6,156.2,165.9,158.8,164.0,169.6,169.8,175.2,168.6,179.0,173.7,173.5,169.2,186.3,171.7,42.83425895506159,-81.15835786029719
411,3501,fall_rye,31.1,30.0,34.4,34.0,34.0,36.7,42.0,40.0,36.0,32.0,38.0,39.1,41.7,40.0,35.8,31.3,40.0,37.1,36.7,36.0,34.0,40.0,42.3,40.0,41.0,38.3,38.2,42.2,40.7,47.9,41.1,47.6,49.1,46.2,53.3,58.2,42.83425895506159,-81.15835786029719
415,3501,oats,56.2,41.1,54.8,54.9,48.4,68.8,58.8,60.7,57.9,45.9,61.6,47.5,72.8,55.1,71.2,66.1,75.5,69.0,62.6,68.8,48.3,77.0,54.5,60.8,51.4,71.0,57.8,72.8,86.6,59.6,70.0,60.9,51.6,73.1,93.8,64.0,42.83425895506159,-81.15835786029719
418,3501,spring_wheat,42.7,40.0,43.8,40.0,34.9,44.4,41.1,43.3,43.8,41.7,47.4,41.1,45.6,46.3,52.8,50.6,52.2,50.8,43.2,50.2,51.1,49.5,50.6,52.3,52.0,55.1,52.2,56.3,64.0,52.9,46.7,54.3,58.5,47.3,54.1,66.6,42.83425895506159,-81.15835786029719
419,3501,winter_wheat,51.9,54.1,55.4,63.9,53.0,68.0,53.2,63.4,69.8,40.6,61.1,62.7,73.2,74.3,71.9,72.1,76.3,72.4,70.0,83.9,73.6,80.2,73.2,79.5,75.0,78.3,79.3,77.2,78.6,87.5,87.3,83.6,76.8,83.0,90.9,96.5,42.83425895506159,-81.15835786029719
420,3502,barley,64.1,45.1,56.0,58.0,56.0,77.1,58.9,62.2,61.6,54.3,63.2,57.7,64.9,58.0,68.1,59.0,65.8,65.6,56.3,68.1,62.8,63.5,66.5,70.2,66.8,67.5,63.6,71.9,67.2,65.4,65.4,61.2,66.9,69.1,64.8,77.3,44.06393956567245,-80.5993175085952
422,3502,canola,32.5,21.8,27.5,38.0,31.1,37.1,34.0,36.4,34.1,40.0,36.9,38.5,34.3,37.8,39.4,32.5,36.0,37.3,25.0,41.7,34.7,40.0,39.4,41.6,36.9,36.5,36.7,43.1,42.9,41.9,46.5,47.1,43.2,45.9,43.0,50.9,44.06393956567245,-80.5993175085952
423,3502,corn,122.3,76.6,95.2,101.5,128.4,88.5,100.8,111.9,123.6,107.4,110.2,116.9,131.9,102.6,108.8,123.0,118.4,125.5,141.8,150.4,128.8,151.7,130.7,164.7,150.1,150.9,157.3,155.1,162.5,157.1,166.9,166.8,153.7,170.5,172.9,163.7,44.06393956567245,-80.5993175085952
425,3502,fall_rye,31.1,30.0,34.4,34.0,34.0,36.7,42.0,40.0,36.0,32.0,38.0,39.1,41.7,40.0,35.8,31.3,40.0,37.1,36.7,36.0,34.0,40.0,42.3,40.0,41.0,38.3,38.2,42.2,40.7,47.9,41.1,47.6,49.1,46.2,53.3,58.2,44.06393956567245,-80.5993175085952
429,3502,oats,67.2,46.5,62.0,62.1,62.0,67.1,65.8,61.6,64.3,57.9,67.8,64.5,73.2,69.0,81.8,69.8,75.5,73.4,62.8,72.7,73.1,70.4,80.1,76.7,70.9,73.1,85.2,76.0,87.8,73.5,88.2,79.3,97.2,89.1,87.1,100.0,44.06393956567245,-80.5993175085952
432,3502,spring_wheat,42.7,40.0,43.8,40.0,34.9,44.4,41.1,43.3,43.8,41.7,47.4,41.1,45.6,46.3,52.8,50.6,52.2,50.8,43.2,50.2,51.1,49.5,50.6,52.3,52.0,55.1,52.2,56.3,64.0,52.9,46.7,54.3,58.5,47.3,54.1,66.6,44.06393956567245,-80.5993175085952
433,3502,winter_wheat,51.9,54.1,55.4,63.9,53.0,68.0,53.2,63.4,69.8,40.6,61.1,62.7,73.2,74.3,71.9,72.1,76.3,72.4,70.0,83.9,73.6,80.2,73.2,79.5,75.0,78.3,79.3,77.2,78.6,87.5,87.3,83.6,76.8,83.0,90.9,96.5,44.06393956567245,-80.5993175085952
434,3503,barley,60.9,46.5,57.7,59.8,45.7,57.6,58.3,55.0,57.2,52.4,56.4,51.8,66.2,51.4,64.9,46.0,60.7,60.9,39.0,54.4,50.6,53.9,51.6,62.3,51.9,55.4,56.4,59.6,60.8,52.0,46.8,45.5,47.3,47.9,67.7,83.4,44.89519092321998,-78.8214679808465
436,3503,canola,32.5,21.8,27.5,38.0,31.1,37.1,34.0,36.4,34.1,40.0,36.9,38.5,34.3,37.8,39.4,32.5,36.0,37.3,25.0,41.7,34.7,40.0,39.4,41.6,36.9,36.5,36.7,43.1,42.9,41.9,46.5,47.1,43.2,45.9,43.0,50.9,44.89519092321998,-78.8214679808465
439,3503,fall_rye,31.1,30.0,34.4,34.0,34.0,36.7,42.0,40.0,36.0,32.0,38.0,39.1,41.7,40.0,35.8,31.3,40.0,37.1,36.7,36.0,34.0,40.0,42.3,40.0,41.0,38.3,38.2,42.2,40.7,47.9,41.1,47.6,49.1,46.2,53.3,58.2,44.89519092321998,-78.8214679808465
443,3503,oats,63.0,45.1,60.1,60.2,50.9,56.9,56.1,54.7,59.2,48.9,58.5,63.3,64.8,54.6,61.6,63.4,68.0,73.0,52.3,61.9,62.9,62.0,65.5,78.8,56.7,68.2,58.0,75.7,80.5,90.8,56.5,53.3,50.7,35.7,57.0,69.1,44.89519092321998,-78.8214679808465
446,3503,spring_wheat,42.7,40.0,43.8,40.0,34.9,44.4,41.1,43.3,43.8,41.7,47.4,41.1,45.6,46.3,52.8,50.6,52.2,50.8,43.2,50.2,51.1,49.5,50.6,52.3,52.0,55.1,52.2,56.3,64.0,52.9,46.7,54.3,58.5,47.3,54.1,66.6,44.89519092321998,-78.8214679808465
447,3503,winter_wheat,51.9,54.1,55.4,63.9,53.0,68.0,53.2,63.4,69.8,40.6,61.1,62.7,73.2,74.3,71.9,72.1,76.3,72.4,70.0,83.9,73.6,80.2,73.2,79.5,75.0,78.3,79.3,77.2,78.6,87.5,87.3,83.6,76.8,83.0,90.9,96.5,44.89519092321998,-78.8214679808465
448,3504,barley,56.7,56.5,70.1,72.6,50.5,56.4,54.3,56.8,57.6,59.3,57.5,53.1,61.3,55.8,65.2,55.9,56.7,63.9,52.3,56.5,58.9,58.7,57.7,64.8,54.7,66.7,48.4,59.0,66.3,61.8,48.4,54.7,62.0,48.9,63.2,65.0,45.128181593147495,-76.36153489402034
450,3504,canola,32.5,21.8,27.5,38.0,31.1,37.1,34.0,36.4,34.1,40.0,36.9,38.5,34.3,37.8,39.4,32.5,36.0,37.3,25.0,41.7,34.7,40.0,39.4,41.6,36.9,36.5,36.7,43.1,42.9,41.9,46.5,47.1,43.2,45.9,43.0,50.9,45.128181593147495,-76.36153489402034
451,3504,corn,106.3,90.6,112.6,120.1,92.6,92.4,90.0,98.2,118.9,119.7,101.2,132.7,136.1,82.4,103.0,113.7,143.5,145.7,149.2,151.1,148.0,143.2,141.6,162.9,141.1,134.7,152.2,150.9,175.3,145.3,151.1,153.8,143.8,148.3,158.5,166.8,45.128181593147495,-76.36153489402034
453,3504,fall_rye,31.1,30.0,34.4,34.0,34.0,36.7,42.0,40.0,36.0,32.0,38.0,39.1,41.7,40.0,35.8,31.3,40.0,37.1,36.7,36.0,34.0,40.0,42.3,40.0,41.0,38.3,38.2,42.2,40.7,47.9,41.1,47.6,49.1,46.2,53.3,58.2,45.128181593147495,-76.36153489402034
457,3504,oats,57.3,54.0,71.9,72.0,57.5,62.2,52.6,51.2,54.8,55.3,61.5,49.9,54.5,57.6,60.2,58.8,63.1,63.7,59.0,59.5,60.8,45.5,55.3,65.9,59.9,64.8,56.9,56.7,65.6,59.6,58.5,55.5,54.9,40.5,84.1,65.2,45.128181593147495,-76.36153489402034
460,3504,spring_wheat,42.7,40.0,43.8,40.0,34.9,44.4,41.1,43.3,43.8,41.7,47.4,41.1,45.6,46.3,52.8,50.6,52.2,50.8,43.2,50.2,51.1,49.5,50.6,52.3,52.0,55.1,52.2,56.3,64.0,52.9,46.7,54.3,58.5,47.3,54.1,66.6,45.128181593147495,-76.36153489402034
461,3504,winter_wheat,51.9,54.1,55.4,63.9,53.0,68.0,53.2,63.4,69.8,40.6,61.1,62.7,73.2,74.3,71.9,72.1,76.3,72.4,70.0,83.9,73.6,80.2,73.2,79.5,75.0,78.3,79.3,77.2,78.6,87.5,87.3,83.6,76.8,83.0,90.9,96.5,45.128181593147495,-76.36153489402034
462,3505,barley,60.5,49.3,61.2,63.5,59.8,67.9,53.3,62.8,58.3,69.7,60.3,64.0,57.4,65.7,58.9,58.6,65.8,63.9,54.8,56.2,63.0,53.6,65.6,54.2,66.5,55.0,62.2,74.5,66.9,64.0,70.0,63.4,62.1,59.4,68.7,77.2,51.18823711239238,-86.91315084948761
464,3505,canola,32.5,21.8,27.5,38.0,31.1,37.1,34.0,36.4,34.1,40.0,36.9,38.5,34.3,37.8,39.4,32.5,36.0,37.3,25.0,41.7,34.7,40.0,39.4,41.6,36.9,36.5,36.7,43.1,42.9,41.9,46.5,47.1,43.2,45.9,43.0,50.9,51.18823711239238,-86.91315084948761
467,3505,fall_rye,31.1,30.0,34.4,34.0,34.0,36.7,42.0,40.0,36.0,32.0,38.0,39.1,41.7,40.0,35.8,31.3,40.0,37.1,36.7,36.0,34.0,40.0,42.3,40.0,41.0,38.3,38.2,42.2,40.7,47.9,41.1,47.6,49.1,46.2,53.3,58.2,51.18823711239238,-86.91315084948761
471,3505,oats,57.6,51.2,68.2,68.3,56.0,62.3,49.2,66.4,55.3,60.8,55.0,82.5,51.9,73.0,61.6,77.5,79.4,67.9,50.6,71.2,72.6,64.5,75.8,67.3,84.0,75.8,81.7,73.2,93.6,94.3,93.9,85.7,84.7,77.7,96.0,107.0,51.18823711239238,-86.91315084948761
474,3505,spring_wheat,42.7,40.0,43.8,40.0,34.9,44.4,41.1,43.3,43.8,41.7,47.4,41.1,45.6,46.3,52.8,50.6,52.2,50.8,43.2,50.2,51.1,49.5,50.6,52.3,52.0,55.1,52.2,56.3,64.0,52.9,46.7,54.3,58.5,47.3,54.1,66.6,51.18823711239238,-86.91315084948761
475,3505,winter_wheat,51.9,54.1,55.4,63.9,53.0,68.0,53.2,63.4,69.8,40.6,61.1,62.7,73.2,74.3,71.9,72.1,76.3,72.4,70.0,83.9,73.6,80.2,73.2,79.5,75.0,78.3,79.3,77.2,78.6,87.5,87.3,83.6,76.8,83.0,90.9,96.5,51.18823711239238,-86.91315084948761
476,4601,barley,40.3,30.5,34.1,62.7,52.3,68.8,54.2,52.0,45.3,57.8,51.6,59.0,39.6,63.3,59.6,47.6,54.4,61.0,45.7,55.0,58.6,67.8,79.0,60.8,34.3,51.9,72.4,56.9,70.1,67.7,66.6,63.1,78.7,76.2,59.3,74.9,49.27153430873243,-100.39882329549413
478,4601,canola,25.9,14.0,8.4,18.1,32.0,30.4,25.5,20.8,18.9,28.3,25.1,27.9,25.4,29.6,28.4,24.6,25.2,27.5,24.6,29.8,29.9,37.0,41.8,31.3,21.8,26.3,38.3,35.7,34.9,35.2,40.1,38.7,39.5,42.6,35.8,38.4,49.27153430873243,-100.39882329549413
479,4601,corn,86.0,52.9,50.0,76.5,81.0,46.7,41.4,83.6,82.2,80.0,80.0,94.4,94.0,80.0,98.5,93.5,92.9,70.0,75.8,103.1,99.6,106.6,105.9,105.0,93.1,110.7,128.0,107.5,121.6,135.3,128.2,113.2,109.7,122.2,95.5,140.9,49.27153430873243,-100.39882329549413
481,4601,fall_rye,27.5,17.2,33.0,35.3,37.5,37.5,25.3,36.4,29.8,34.3,24.9,34.0,35.1,42.4,27.3,25.9,41.4,55.3,32.8,41.3,36.6,36.8,51.9,36.1,29.5,54.8,25.9,42.8,50.2,46.3,58.2,51.9,65.2,37.1,31.7,85.4,49.27153430873243,-100.39882329549413
482,4601,flaxseed,18.2,10.0,7.3,18.8,20.3,23.5,21.7,18.3,20.8,23.6,20.9,21.2,20.3,20.8,20.0,16.7,16.4,15.9,20.2,19.6,23.2,21.0,28.1,18.3,15.0,17.1,23.5,26.4,25.8,27.5,25.4,23.9,18.9,22.7,18.9,23.4,49.27153430873243,-100.39882329549413
485,4601,oats,47.4,26.0,34.5,60.3,53.8,71.4,68.6,48.2,46.3,62.4,51.3,63.4,38.5,68.0,70.9,50.3,53.6,76.8,53.3,63.2,78.0,76.5,90.2,80.3,70.8,69.0,85.5,65.4,75.7,79.7,91.2,96.6,107.4,108.1,83.7,109.9,49.27153430873243,-100.39882329549413
490,4602,barley,49.3,32.6,27.7,62.3,59.5,69.4,55.6,53.9,46.5,58.6,53.5,55.9,44.5,60.9,54.3,50.9,52.8,69.3,47.5,59.5,58.5,67.0,68.5,53.7,47.2,51.5,75.1,45.7,66.1,70.6,75.2,76.2,74.4,79.2,53.2,64.5,49.79870741329759,-100.2653843316072
492,4602,canola,25.2,16.0,7.7,23.2,34.8,30.0,25.1,26.3,20.1,29.5,26.4,26.3,25.4,30.6,25.7,28.3,23.4,31.0,27.6,31.2,28.7,37.5,41.5,34.4,25.9,27.9,39.9,35.4,39.6,37.5,42.3,41.9,38.6,43.9,35.2,36.6,49.79870741329759,-100.2653843316072
493,4602,corn,86.0,52.9,50.0,76.5,81.0,46.7,41.4,83.6,82.2,80.0,80.0,94.4,94.0,80.0,98.5,93.5,92.9,70.0,75.8,103.1,99.6,106.6,105.9,105.0,93.1,110.7,128.0,107.5,121.6,135.3,128.2,113.2,109.7,122.2,95.5,140.9,49.79870741329759,-100.2653843316072
495,4602,fall_rye,25.0,15.1,29.5,31.5,31.9,33.4,23.6,27.4,26.2,29.7,25.5,32.3,35.9,39.3,29.2,24.1,34.3,41.1,36.8,32.9,48.4,47.6,47.0,41.9,51.3,49.6,41.9,38.0,46.6,47.9,63.2,50.3,48.6,52.6,54.1,53.3,49.79870741329759,-100.2653843316072
496,4602,flaxseed,19.0,11.0,6.6,19.8,24.5,23.6,21.5,24.2,19.9,26.4,20.6,19.1,17.9,19.6,21.0,19.9,17.2,19.3,21.6,21.7,21.1,24.4,26.1,20.5,21.9,20.2,30.8,25.4,23.3,29.7,26.8,22.3,21.5,25.4,21.3,22.4,49.79870741329759,-100.2653843316072
499,4602,oats,56.9,29.6,25.7,62.6,53.9,72.9,68.9,58.6,47.8,62.3,54.2,62.2,47.0,71.8,67.9,58.3,47.5,80.4,56.8,66.7,72.2,81.7,76.5,73.9,70.8,59.2,82.8,78.2,75.4,87.0,85.2,83.8,97.0,96.0,76.8,93.2,49.79870741329759,-100.2653843316072
500,4602,peas,28.5,14.4,15.4,27.0,22.8,41.6,26.2,30.6,32.5,36.0,34.2,30.3,34.3,41.8,36.6,34.2,31.0,44.1,21.9,40.4,38.2,38.1,41.1,35.4,30.4,41.4,47.2,26.9,38.6,36.2,39.9,42.4,43.9,54.1,33.1,42.7,49.79870741329759,-100.2653843316072
504,4603,barley,56.7,37.8,42.1,62.1,60.4,62.5,54.7,56.5,50.1,58.3,53.0,60.5,44.2,59.0,53.9,57.0,61.9,64.3,46.2,66.6,55.0,67.5,70.0,50.9,40.9,45.7,80.6,49.2,69.6,68.3,81.6,79.4,78.7,82.8,61.2,71.4,50.34698781864522,-100.38740512302851
506,4603,canola,27.3,22.3,15.4,26.7,30.5,25.2,24.0,24.0,18.2,29.6,26.7,28.1,25.6,28.7,25.1,30.7,28.4,24.4,27.0,35.1,28.5,37.1,41.7,31.3,24.5,28.9,43.1,34.7,40.5,38.6,44.0,44.9,41.4,39.7,37.8,37.5,50.34698781864522,-100.38740512302851
507,4603,corn,86.0,52.9,50.0,76.5,81.0,46.7,41.4,83.6,82.2,80.0,80.0,94.4,94.0,80.0,98.5,93.5,92.9,70.0,75.8,103.1,99.6,106.6,105.9,105.0,93.1,110.7,128.0,107.5,121.6,135.3,128.2,113.2,109.7,122.2,95.5,140.9,50.34698781864522,-100.38740512302851
513,4603,oats,63.2,39.5,41.3,64.0,57.8,72.2,69.5,64.4,55.3,71.7,53.2,70.2,57.3,77.1,70.0,65.8,64.6,84.8,70.8,83.5,75.8,87.5,84.2,86.8,58.3,65.0,88.0,56.5,78.5,94.8,83.1,115.7,98.7,99.6,104.2,109.9,50.34698781864522,-100.38740512302851
514,4603,peas,33.1,17.7,18.2,33.1,43.4,32.8,34.3,34.4,21.6,35.4,33.8,34.5,31.7,41.2,33.0,41.2,41.3,36.2,22.4,44.3,38.7,34.8,46.8,31.9,25.6,40.7,37.4,29.7,42.3,34.9,43.1,45.9,52.2,44.7,38.0,43.0,50.34698781864522,-100.38740512302851
518,4604,barley,52.0,44.5,45.1,58.6,51.4,53.3,57.0,54.2,49.9,59.2,58.8,60.3,58.1,59.4,54.5,58.6,60.4,60.7,56.0,65.2,56.6,66.0,65.1,60.9,51.8,39.8,68.3,52.4,60.1,74.8,66.7,74.4,74.9,76.1,61.3,82.1,51.013556156590106,-101.18064973747788
520,4604,canola,27.0,23.9,18.8,25.7,24.1,19.3,23.2,22.6,22.2,28.9,27.8,25.4,31.1,28.3,26.2,28.6,25.8,18.4,31.1,34.7,26.3,34.0,38.9,32.1,32.3,23.6,44.0,35.8,42.5,38.9,41.3,48.4,51.0,44.3,36.9,46.8,51.013556156590106,-101.18064973747788
521,4604,corn,86.0,52.9,50.0,76.5,81.0,46.7,41.4,83.6,82.2,80.0,80.0,94.4,94.0,80.0,98.5,93.5,92.9,70.0,75.8,103.1,99.6,106.6,105.9,105.0,93.1,110.7,128.0,107.5,121.6,135.3,128.2,113.2,109.7,122.2,95.5,140.9,51.013556156590106,-101.18064973747788
527,4604,oats,60.0,40.5,45.0,62.0,53.0,35.0,57.4,52.6,64.6,67.9,60.3,67.1,63.3,69.7,70.9,63.8,58.9,72.3,69.1,73.0,71.5,86.5,101.4,88.3,73.8,64.3,90.5,73.4,95.4,89.1,94.5,108.8,115.0,106.3,80.8,112.4,51.013556156590106,-101.18064973747788
534,4605,canola,22.4,23.9,22.6,22.5,32.1,17.7,16.7,20.6,23.9,29.2,27.4,23.4,30.0,31.8,29.7,27.7,37.4,30.8,38.6,33.2,30.4,39.7,40.1,30.8,37.4,14.2,36.4,28.0,38.5,40.4,46.9,44.9,47.1,43.4,38.6,42.9,52.08007753527579,-101.05224726872451
535,4605,corn,86.0,52.9,50.0,76.5,81.0,46.7,41.4,83.6,82.2,80.0,80.0,94.4,94.0,80.0,98.5,93.5,92.9,70.0,75.8,103.1,99.6,106.6,105.9,105.0,93.1,110.7,128.0,107.5,121.6,135.3,128.2,113.2,109.7,122.2,95.5,140.9,52.08007753527579,-101.05224726872451
545,4605,winter_wheat,25.7,20.0,28.0,33.3,33.3,30.0,16.7,26.0,30.0,48.0,42.5,47.1,59.4,60.9,51.3,50.3,57.3,61.8,34.3,62.1,61.9,67.9,63.3,60.2,57.1,64.7,67.8,57.7,61.4,73.5,61.8,54.1,61.4,67.2,51.8,52.2,52.08007753527579,-101.05224726872451
548,4606,canola,24.1,21.1,19.1,24.1,27.3,23.3,22.9,24.8,24.4,27.8,30.2,23.6,29.3,28.5,26.0,28.1,28.8,34.6,32.3,33.6,22.7,34.8,38.0,23.1,26.9,19.4,32.1,25.3,40.0,36.9,41.4,41.6,38.6,38.2,31.8,34.5,51.121416779438526,-99.88112779664613
549,4606,corn,86.0,52.9,50.0,76.5,81.0,46.7,41.4,83.6,82.2,80.0,80.0,94.4,94.0,80.0,98.5,93.5,92.9,70.0,75.8,103.1,99.6,106.6,105.9,105.0,93.1,110.7,128.0,107.5,121.6,135.3,128.2,113.2,109.7,122.2,95.5,140.9,51.121416779438526,-99.88112779664613
555,4606,oats,57.9,39.5,43.0,52.4,58.4,65.0,63.2,66.7,57.8,69.4,65.4,69.6,69.8,70.9,64.0,54.3,61.5,81.1,67.9,61.0,62.0,75.2,69.9,55.2,59.7,48.5,69.9,52.0,65.8,76.3,83.9,82.7,88.8,78.9,54.9,114.3,51.121416779438526,-99.88112779664613
560,4607,barley,56.4,33.3,54.9,60.0,41.6,72.4,50.7,65.1,61.3,68.9,63.6,64.1,61.5,66.5,42.7,60.1,71.7,73.5,33.0,70.5,69.1,69.6,78.4,63.6,48.0,66.8,74.8,74.5,78.5,77.9,84.3,79.7,78.3,81.7,46.6,69.2,49.98547100883363,-98.45966984071065
562,4607,canola,26.1,17.3,18.9,25.3,24.7,31.9,22.2,30.8,26.0,32.5,31.1,30.9,33.7,26.8,24.9,33.4,36.9,35.9,18.5,32.0,29.0,36.7,40.6,30.9,26.8,27.5,44.5,39.9,38.7,36.9,46.1,43.2,40.1,41.8,23.7,37.4,49.98547100883363,-98.45966984071065
563,4607,corn,86.0,52.9,50.0,76.5,81.0,46.7,41.4,83.6,82.2,80.0,80.0,94.4,94.0,80.0,98.5,93.5,92.9,70.0,75.8,103.1,99.6,106.6,105.9,105.0,93.1,110.7,128.0,107.5,121.6,135.3,128.2,113.2,109.7,122.2,95.5,140.9,49.98547100883363,-98.45966984071065
566,4607,flaxseed,20.8,10.9,14.8,21.3,23.3,29.0,17.4,23.5,21.6,26.5,22.5,21.6,23.5,16.3,14.1,21.9,23.3,24.0,13.4,16.3,22.5,26.2,26.8,20.3,13.9,16.4,32.5,31.1,23.0,21.6,37.2,23.4,21.8,33.6,13.7,38.1,49.98547100883363,-98.45966984071065
569,4607,oats,66.1,33.3,53.2,57.1,52.0,85.6,66.9,76.0,71.1,74.7,79.8,84.3,86.2,78.9,58.2,74.1,93.3,94.8,40.4,76.7,88.0,97.6,98.6,78.6,53.3,83.2,101.4,95.7,104.4,102.8,130.8,101.9,110.5,117.4,63.0,120.3,49.98547100883363,-98.45966984071065
570,4607,peas,29.7,19.5,25.5,36.4,26.3,29.5,12.5,35.3,26.4,35.3,33.1,34.4,47.9,34.2,27.9,29.9,38.8,42.3,29.2,35.6,37.1,44.6,44.0,29.9,26.9,43.6,52.4,52.4,47.4,35.7,54.0,38.5,43.9,57.8,24.9,45.3,49.98547100883363,-98.45966984071065
574,4608,barley,55.6,28.3,49.3,63.5,50.2,74.7,47.8,60.0,55.7,69.2,58.9,67.8,61.6,71.5,60.4,58.4,72.8,70.5,46.4,67.9,59.3,76.7,79.3,68.0,44.4,64.7,77.9,73.3,74.4,74.4,87.8,82.4,89.7,85.0,57.5,85.0,49.27902202202318,-98.30422297537513
576,4608,canola,26.5,12.2,14.0,22.3,30.5,32.6,20.7,30.5,26.6,32.2,28.5,34.6,34.1,32.5,29.3,32.2,34.4,32.0,22.1,33.7,30.1,40.8,42.2,39.8,31.9,29.7,45.1,43.2,43.4,37.1,47.0,46.8,45.1,43.4,32.8,43.6,49.27902202202318,-98.30422297537513
577,4608,corn,86.0,52.9,50.0,76.5,81.0,46.7,41.4,83.6,82.2,80.0,80.0,94.4,94.0,80.0,98.5,93.5,92.9,70.0,75.8,103.1,99.6,106.6,105.9,105.0,93.1,110.7,128.0,107.5,121.6,135.3,128.2,113.2,109.7,122.2,95.5,140.9,49.27902202202318,-98.30422297537513
580,4608,flaxseed,20.5,8.0,10.7,21.1,20.2,26.7,17.1,23.6,21.1,25.3,20.7,22.4,23.3,20.7,18.7,20.1,20.5,22.5,14.7,20.4,22.1,24.4,27.7,23.5,17.3,15.9,28.4,28.5,27.3,31.2,33.1,32.1,27.0,36.3,16.4,41.9,49.27902202202318,-98.30422297537513
583,4608,oats,64.2,29.2,42.0,71.1,59.6,87.0,65.4,73.7,75.7,79.2,78.8,84.5,87.8,85.9,64.3,69.2,97.4,89.5,39.3,82.2,86.3,105.1,103.1,94.6,81.0,97.5,108.0,116.3,111.2,126.6,121.5,115.3,120.6,128.0,73.0,133.7,49.27902202202318,-98.30422297537513
588,4609,barley,57.4,31.7,60.5,51.1,47.3,71.1,51.6,58.6,56.7,68.7,54.3,55.1,74.1,54.7,29.5,48.8,70.4,61.3,19.8,66.6,55.4,77.7,57.6,39.8,45.7,68.6,94.5,78.2,60.5,68.3,92.3,81.3,76.0,85.3,72.1,80.9,49.63000471867696,-96.80410398746936
590,4609,canola,26.3,14.6,20.7,20.7,21.8,30.0,19.9,28.8,26.3,33.3,26.4,30.9,33.3,18.3,15.8,29.4,35.3,32.4,7.6,29.6,24.9,36.3,32.2,21.8,26.3,29.3,46.3,34.0,37.9,30.3,46.0,46.2,43.5,39.5,27.8,41.4,49.63000471867696,-96.80410398746936
591,4609,corn,86.0,52.9,50.0,76.5,81.0,46.7,41.4,83.6,82.2,80.0,80.0,94.4,94.0,80.0,98.5,93.5,92.9,70.0,75.8,103.1,99.6,106.6,105.9,105.0,93.1,110.7,128.0,107.5,121.6,135.3,128.2,113.2,109.7,122.2,95.5,140.9,49.63000471867696,-96.80410398746936
597,4609,oats,65.2,36.9,61.3,67.0,44.8,81.8,59.1,69.8,70.8,78.7,73.9,70.8,89.8,80.7,47.0,72.1,97.7,81.8,26.1,82.1,78.2,92.6,75.1,73.9,74.1,99.4,102.2,103.5,112.9,79.0,128.3,108.2,115.7,120.4,81.9,128.6,49.63000471867696,-96.80410398746936
600,4609,spring_wheat,33.3,17.8,37.6,37.1,27.8,47.7,27.0,31.1,32.4,39.6,29.9,36.4,44.5,33.7,19.0,34.0,49.9,44.5,12.9,44.0,36.2,43.8,40.0,31.4,38.2,53.4,58.5,49.8,55.0,46.3,71.8,69.0,65.7,65.8,55.8,59.6,49.63000471867696,-96.80410398746936
604,4610,canola,22.4,21.2,16.9,18.8,24.0,19.6,13.6,23.2,22.1,34.6,26.7,24.7,32.2,16.8,15.7,23.0,34.5,34.3,15.6,38.0,10.1,34.7,23.9,17.3,28.9,23.9,42.5,34.9,31.9,29.5,44.4,43.5,49.1,42.4,30.3,40.8,49.73680054024933,-95.84954556682068
605,4610,corn,86.0,52.9,50.0,76.5,81.0,46.7,41.4,83.6,82.2,80.0,80.0,94.4,94.0,80.0,98.5,93.5,92.9,70.0,75.8,103.1,99.6,106.6,105.9,105.0,93.1,110.7,128.0,107.5,121.6,135.3,128.2,113.2,109.7,122.2,95.5,140.9,49.73680054024933,-95.84954556682068
612,4610,peas,29.4,16.1,22.6,30.0,24.3,33.3,21.0,31.0,30.0,34.6,32.0,32.5,35.6,39.3,35.8,32.5,37.4,40.6,22.0,41.8,37.8,35.9,43.2,31.9,34.4,42.7,41.4,34.9,42.9,38.2,46.8,47.0,49.4,52.5,34.9,50.3,49.73680054024933,-95.84954556682068
616,4611,barley,54.5,42.6,48.5,56.5,42.8,72.5,37.6,54.3,54.2,62.7,65.0,60.7,70.5,60.7,39.7,55.2,71.9,73.4,22.9,66.2,70.1,70.7,69.2,36.9,45.6,51.7,76.2,51.9,72.7,74.2,80.9,72.4,67.1,78.9,39.7,73.5,50.22646723916493,-97.24595621866338
618,4611,canola,23.7,20.2,18.2,20.2,13.4,28.8,16.1,25.4,23.6,28.6,28.7,29.7,34.7,20.3,23.5,31.6,35.6,35.2,14.8,27.5,29.4,31.9,30.6,18.6,18.6,21.9,42.3,28.5,36.7,33.3,45.1,39.9,33.1,37.8,15.4,37.3,50.22646723916493,-97.24595621866338
619,4611,corn,86.0,52.9,50.0,76.5,81.0,46.7,41.4,83.6,82.2,80.0,80.0,94.4,94.0,80.0,98.5,93.5,92.9,70.0,75.8,103.1,99.6,106.6,105.9,105.0,93.1,110.7,128.0,107.5,121.6,135.3,128.2,113.2,109.7,122.2,95.5,140.9,50.22646723916493,-97.24595621866338
622,4611,flaxseed,20.4,14.1,16.2,18.3,17.4,24.7,14.6,17.5,19.5,24.0,23.6,16.9,21.8,13.3,15.2,19.5,23.0,21.6,10.7,15.5,19.7,23.9,25.3,15.2,16.4,13.6,16.3,28.3,19.2,14.6,32.6,24.9,13.6,18.4,9.7,35.8,50.22646723916493,-97.24595621866338
625,4611,oats,59.7,40.7,53.1,65.6,56.3,83.3,52.2,64.1,69.0,68.5,75.4,72.4,81.9,76.2,54.8,72.1,86.7,92.8,43.5,68.3,82.6,90.9,85.0,61.9,57.5,73.1,98.3,73.3,100.1,95.7,114.2,99.1,95.1,100.0,64.0,119.2,50.22646723916493,-97.24595621866338
632,4612,canola,23.5,20.9,18.9,22.9,26.7,22.6,18.1,24.6,21.8,28.5,31.0,29.6,30.5,26.5,27.1,32.4,32.5,36.7,21.4,33.3,27.0,25.7,31.0,20.9,24.2,24.5,37.6,26.5,35.3,33.0,41.6,32.9,40.8,29.7,34.2,29.6,55.7295517503682,-97.16713861471422
633,4612,corn,86.0,52.9,50.0,76.5,81.0,46.7,41.4,83.6,82.2,80.0,80.0,94.4,94.0,80.0,98.5,93.5,92.9,70.0,75.8,103.1,99.6,106.6,105.9,105.0,93.1,110.7,128.0,107.5,121.6,135.3,128.2,113.2,109.7,122.2,95.5,140.9,55.7295517503682,-97.16713861471422
639,4612,oats,55.1,40.1,51.9,65.0,55.0,52.3,59.0,63.9,46.6,64.3,67.4,66.7,61.7,69.2,62.1,63.7,59.7,88.5,61.7,72.8,79.0,68.7,67.5,48.9,64.4,64.7,87.5,78.6,90.3,82.4,95.5,78.0,86.0,113.1,51.4,96.8,55.7295517503682,-97.16713861471422
644,4701,barley,46.2,26.4,24.9,53.1,40.7,55.6,53.3,49.6,45.4,53.2,43.4,49.6,41.8,51.7,48.7,45.7,41.7,55.9,51.0,52.2,49.7,53.0,58.5,47.8,35.0,43.4,70.2,42.6,58.4,72.6,62.7,75.2,68.9,76.3,58.0,70.3,49.52337710972107,-102.30990267542887
646,4701,canola,24.3,15.4,7.0,21.4,28.6,27.4,26.6,20.6,17.3,24.6,18.9,21.6,21.7,25.6,21.6,30.2,17.4,24.3,26.6,23.9,22.3,28.4,34.1,29.9,19.6,24.6,35.2,28.4,33.0,35.7,35.6,39.4,38.5,44.8,34.4,38.4,49.52337710972107,-102.30990267542887
648,4701,durum_wheat,27.0,13.7,15.6,33.3,33.2,35.1,34.0,27.7,33.4,29.7,21.9,26.0,26.4,32.6,24.8,25.1,21.0,29.7,33.5,28.0,26.9,28.8,37.8,32.6,28.1,30.3,43.3,36.9,33.1,45.7,35.9,49.3,50.6,53.8,38.4,49.8,49.52337710972107,-102.30990267542887
650,4701,flaxseed,17.8,10.8,6.9,19.2,12.5,16.5,21.6,18.3,19.5,21.6,16.6,18.4,17.5,17.3,18.0,18.4,15.0,13.7,21.2,17.7,18.0,20.8,22.6,16.6,14.9,19.0,24.8,20.3,20.6,25.5,19.9,24.3,19.9,24.0,19.5,30.0,49.52337710972107,-102.30990267542887
651,4701,lentils,649.9,622.6,794.7,1356.4,1245.6,1022.5,1060.1,990.3,1247.0,1184.6,1026.5,1079.3,1049.7,832.3,876.9,767.9,762.7,894.6,1067.6,963.5,922.8,1247.6,1298.7,1125.6,881.3,1247.8,1276.1,1292.3,1532.4,969.7,1437.0,2000.0,2139.0,1674.0,1427.0,1464.0,49.52337710972107,-102.30990267542887
653,4701,oats,52.4,25.8,22.9,56.6,48.2,56.8,60.1,56.4,56.4,60.1,46.5,55.6,45.3,56.0,53.0,57.0,42.4,63.9,58.9,54.0,57.1,58.8,60.0,55.9,43.2,60.2,73.2,69.5,67.5,74.9,74.9,81.4,79.9,87.1,68.5,85.5,49.52337710972107,-102.30990267542887
654,4701,peas,15.9,9.8,16.2,29.8,50.0,43.4,25.6,28.4,30.1,31.1,26.2,29.7,27.8,34.6,32.3,28.4,22.4,37.8,24.5,28.1,33.6,29.5,33.5,27.0,20.6,33.1,39.4,30.1,34.2,33.5,35.7,38.9,42.8,46.7,33.0,37.4,49.52337710972107,-102.30990267542887
656,4701,spring_wheat,28.1,15.1,17.2,33.2,24.3,32.2,27.9,26.1,25.9,30.0,22.4,27.7,25.1,30.4,27.4,29.8,25.3,30.8,31.4,31.5,27.5,33.1,37.5,33.3,26.7,34.2,44.0,36.0,37.2,44.7,44.7,47.5,46.2,52.4,46.4,47.7,49.52337710972107,-102.30990267542887
658,4702,barley,42.3,15.4,22.1,42.4,28.7,52.0,51.3,36.3,41.7,45.9,33.8,40.6,38.7,41.4,38.1,38.5,24.5,43.0,44.3,38.1,38.0,39.9,51.8,44.1,28.4,35.5,55.9,38.2,40.8,57.5,36.5,51.1,54.1,61.3,45.5,61.8,49.52307772876511,-104.24855317939428
659,4702,canary_seed,722.0,345.0,387.0,771.0,614.0,1191.0,747.0,786.0,776.0,1097.0,525.0,778.0,727.0,795.0,736.0,858.0,579.0,860.0,1078.0,1042.0,763.0,931.0,1320.0,862.0,529.0,1031.0,1141.0,1261.0,1204.0,1322.0,1204.0,1401.0,1329.0,1582.0,1228.0,1392.0,49.52307772876511,-104.24855317939428
660,4702,canola,24.8,10.1,6.8,25.1,26.4,30.0,27.9,21.6,18.2,23.1,12.5,20.9,21.9,23.5,20.2,25.4,10.8,25.5,25.5,21.5,21.3,25.3,34.3,30.5,20.7,25.9,37.6,34.8,34.1,38.9,23.2,37.2,35.1,39.4,28.4,37.3,49.52307772876511,-104.24855317939428
662,4702,durum_wheat,26.6,11.0,18.3,33.8,33.2,32.7,33.4,28.0,27.8,30.4,21.8,25.0,31.0,28.9,25.3,26.0,22.7,27.4,34.1,27.9,24.5,27.2,35.7,31.1,28.1,31.7,43.5,40.5,32.5,46.9,26.3,41.8,46.3,46.0,32.0,45.8,49.52307772876511,-104.24855317939428
664,4702,flaxseed,16.4,7.7,7.8,20.3,16.0,16.9,22.0,17.6,19.7,21.2,14.0,16.8,17.7,16.2,16.4,15.5,11.0,14.6,19.7,15.9,15.3,17.5,22.5,17.4,17.2,19.9,25.0,21.4,18.5,26.3,13.0,19.7,19.3,23.2,15.2,24.9,49.52307772876511,-104.24855317939428
665,4702,lentils,714.5,244.5,579.2,1233.6,564.5,944.5,1098.6,963.5,1115.0,1093.2,944.9,1120.9,1209.2,959.2,1018.6,966.9,758.0,1175.7,1188.5,996.5,1016.2,1382.6,1533.0,1274.1,923.1,1369.7,1560.6,1442.7,1476.2,1483.5,943.0,1493.0,1512.0,1434.0,1226.0,1366.0,49.52307772876511,-104.24855317939428
666,4702,mustard,1142.9,497.3,267.0,742.0,673.5,924.6,1105.9,841.7,780.0,825.3,628.6,715.4,887.4,851.5,682.5,581.1,464.1,841.9,737.7,621.2,538.7,715.2,946.8,760.3,732.8,810.2,989.0,817.4,663.5,841.4,385.0,956.0,793.0,677.0,696.0,1103.0,49.52307772876511,-104.24855317939428
667,4702,oats,51.5,19.9,23.1,47.9,44.8,51.6,61.4,47.3,49.0,57.2,34.4,51.7,46.7,51.8,44.4,45.4,29.6,56.3,54.6,38.4,44.0,59.5,60.1,34.5,47.3,56.6,57.8,64.7,73.4,70.4,35.6,58.1,49.5,54.1,35.4,55.2,49.52307772876511,-104.24855317939428
668,4702,peas,10.0,9.9,23.2,27.7,57.5,14.3,26.0,26.2,23.2,29.1,20.1,29.4,30.2,34.7,27.3,23.7,16.8,37.3,28.4,24.4,26.7,25.9,30.7,26.1,27.1,31.9,35.9,32.2,25.5,35.7,19.4,30.0,34.6,39.5,24.9,32.6,49.52307772876511,-104.24855317939428
670,4702,spring_wheat,26.5,10.5,18.2,32.1,23.5,31.7,30.3,25.5,25.6,29.4,19.8,23.2,26.6,24.9,23.4,25.1,17.6,26.6,28.8,25.5,21.1,24.9,33.4,30.4,25.2,28.4,39.8,33.1,30.4,37.0,28.6,39.0,43.6,43.1,34.0,45.2,49.52307772876511,-104.24855317939428
672,4703,barley,42.4,14.5,30.2,41.6,46.3,48.3,53.5,35.2,40.6,41.7,35.9,39.5,45.2,43.3,36.3,36.6,27.0,50.3,43.0,33.0,28.6,39.0,45.4,51.3,37.4,42.3,56.3,52.0,44.9,63.5,47.9,40.1,62.3,51.3,16.9,39.0,49.54227293450961,-106.40525465168515
674,4703,canola,25.8,6.8,19.0,35.2,32.5,30.2,27.6,19.9,18.7,21.9,14.9,20.2,23.5,23.5,18.9,24.2,11.1,28.6,21.8,19.1,17.2,23.0,31.7,31.5,25.9,26.7,37.9,36.0,34.8,42.8,27.3,28.8,39.1,33.4,13.8,19.2,49.54227293450961,-106.40525465168515
678,4703,flaxseed,17.8,5.6,11.1,20.0,17.0,15.5,22.9,15.3,20.4,18.3,14.0,16.0,19.0,19.3,15.5,14.3,9.7,20.1,18.3,13.3,11.9,16.5,21.8,21.4,20.2,17.6,25.5,21.1,19.5,25.4,15.9,17.4,19.7,19.3,7.6,15.3,49.54227293450961,-106.40525465168515
679,4703,lentils,1631.5,165.5,681.8,1516.2,1210.1,1246.5,1045.8,778.3,998.0,1003.3,867.4,964.1,1309.9,1283.7,951.0,941.8,779.3,1381.6,1146.6,777.0,825.0,1142.9,1423.0,1472.6,1306.3,1376.0,1785.5,1527.1,1414.5,1369.0,1082.0,981.0,1461.0,1256.0,564.0,1036.0,49.54227293450961,-106.40525465168515
680,4703,mustard,988.9,344.3,527.8,662.8,565.3,887.2,966.6,734.5,786.0,913.0,738.5,687.0,995.3,881.2,643.3,552.6,516.5,953.7,753.6,511.5,503.9,606.1,790.9,849.0,800.8,693.0,1010.8,871.1,886.8,992.2,828.0,784.0,870.0,750.0,311.0,526.0,49.54227293450961,-106.40525465168515
681,4703,oats,51.6,21.3,36.7,47.1,46.9,47.3,63.5,47.5,42.4,48.4,32.2,45.0,52.3,56.7,39.2,45.3,29.1,55.8,48.8,31.8,29.3,35.4,53.1,55.8,47.5,43.8,56.1,47.7,48.8,73.1,33.7,55.7,48.8,50.9,38.5,29.6,49.54227293450961,-106.40525465168515
682,4703,peas,10.0,12.3,22.0,34.2,51.0,14.3,25.9,17.5,22.9,22.9,20.9,28.1,36.5,37.0,21.2,24.2,19.0,42.4,30.1,21.3,22.9,25.4,28.9,27.7,29.9,30.6,40.0,33.0,26.9,38.6,20.1,21.5,27.4,34.6,11.6,25.7,49.54227293450961,-106.40525465168515
684,4703,spring_wheat,27.6,9.0,23.8,31.4,29.9,29.7,30.3,25.5,26.9,29.3,25.0,26.0,30.9,29.7,23.4,25.7,19.9,30.9,28.5,22.9,19.1,24.2,28.9,33.3,29.3,28.6,38.0,34.9,33.7,35.8,21.9,26.7,38.8,37.2,16.7,27.6,49.54227293450961,-106.40525465168515
686,4704,barley,39.7,22.2,32.6,40.3,47.3,51.0,50.6,33.5,47.9,41.3,38.7,47.8,48.0,42.4,28.5,38.9,34.3,54.1,44.5,31.2,31.3,42.8,49.3,48.4,40.0,44.8,58.2,61.8,50.8,65.5,51.0,33.9,56.3,57.4,20.5,42.9,49.53291296956841,-108.78880632045036
688,4704,canola,25.7,10.4,18.8,30.2,39.4,27.4,27.2,18.1,26.2,23.7,17.3,21.5,22.3,23.0,12.3,24.0,11.6,25.9,19.5,17.5,16.0,17.5,29.3,26.2,24.8,26.1,33.2,35.0,33.8,45.5,25.1,27.9,35.5,27.7,16.4,24.7,49.53291296956841,-108.78880632045036
693,4704,lentils,2024.9,190.6,665.5,1415.1,1329.2,1273.0,969.2,822.0,1013.8,1064.9,921.4,878.9,1232.6,1184.6,736.2,1008.3,798.1,1640.7,1105.4,577.6,582.0,1097.2,1137.7,1451.3,1407.4,1316.9,1820.9,1580.9,1543.6,1586.4,951.0,1060.0,1653.0,1217.0,626.0,923.0,49.53291296956841,-108.78880632045036
694,4704,mustard,886.4,356.2,562.0,851.1,576.3,958.5,901.6,908.3,909.8,877.0,726.2,840.3,1018.9,920.9,458.7,595.0,595.6,1103.6,830.5,519.5,479.2,674.9,773.1,824.4,875.4,802.3,1116.1,998.5,980.4,1172.9,566.0,787.0,979.0,955.0,511.0,318.0,49.53291296956841,-108.78880632045036
696,4704,peas,10.0,19.7,25.2,34.2,67.7,14.3,30.1,20.5,25.3,26.3,24.2,24.3,33.4,35.0,14.3,27.7,23.0,44.8,29.5,16.5,20.2,23.7,25.4,27.8,32.0,29.5,42.8,35.1,30.9,44.1,21.4,23.7,27.6,31.7,12.0,17.0,49.53291296956841,-108.78880632045036
700,4705,barley,51.2,32.8,35.3,57.1,44.2,54.0,54.6,47.9,48.8,56.4,47.3,52.4,51.9,53.3,49.3,48.3,47.9,54.8,56.3,53.8,46.8,61.0,62.0,43.6,44.0,36.0,73.1,46.7,59.3,66.4,68.9,67.3,79.9,66.6,50.4,71.9,50.58203162417566,-102.39178946929384
702,4705,canola,26.9,17.1,14.0,23.8,23.7,23.2,23.9,19.6,14.2,25.3,21.2,22.4,24.3,25.8,21.7,31.7,20.6,20.7,28.7,27.6,24.3,33.4,36.3,29.0,24.8,22.1,38.5,29.2,37.3,40.2,37.3,41.2,46.7,45.5,31.0,39.2,50.58203162417566,-102.39178946929384
706,4705,flaxseed,19.8,13.9,10.5,22.2,20.2,16.8,20.3,20.3,19.1,22.3,18.0,18.9,19.2,17.7,18.5,19.8,16.8,11.7,22.0,21.1,18.6,23.6,23.8,16.6,20.0,17.4,27.8,20.6,25.5,28.4,23.6,24.7,21.8,20.8,16.8,29.3,50.58203162417566,-102.39178946929384
709,4705,oats,58.7,33.1,35.4,61.6,52.5,53.6,63.0,61.5,63.4,69.3,55.4,61.7,54.3,60.5,51.2,61.0,49.9,63.4,63.0,59.3,59.3,72.2,72.9,60.0,59.0,60.7,84.0,71.5,81.0,83.5,75.3,90.4,91.6,71.6,58.0,98.1,50.58203162417566,-102.39178946929384
710,4705,peas,23.2,13.2,15.7,22.3,28.8,27.7,28.1,26.7,25.4,34.9,27.0,33.2,34.1,36.4,28.0,27.8,23.0,36.3,29.4,30.9,34.5,38.1,39.4,27.7,31.2,30.0,42.0,22.7,37.7,44.7,34.4,42.9,42.7,43.6,29.7,39.2,50.58203162417566,-102.39178946929384
712,4705,spring_wheat,28.6,19.4,22.8,36.5,29.8,27.1,25.5,26.3,28.5,33.5,25.9,31.7,32.5,34.0,29.8,31.4,28.9,29.9,34.9,33.6,31.7,39.4,41.0,33.8,33.0,33.7,51.3,39.1,41.4,46.8,47.4,54.3,51.7,51.0,43.1,50.1,50.58203162417566,-102.39178946929384
714,4706,barley,49.8,27.9,33.7,52.1,38.8,53.5,52.5,47.6,47.9,54.6,45.4,51.1,52.6,48.6,41.4,42.8,43.4,53.1,55.3,51.3,46.5,58.8,63.8,45.4,52.1,43.8,70.7,49.9,55.8,68.8,59.8,59.6,63.2,68.4,46.1,75.4,50.598333739623335,-104.36607659277888
715,4706,canary_seed,1262.0,598.0,968.0,1145.0,937.0,1149.0,927.0,1001.0,889.0,1101.0,928.0,1035.0,890.0,884.0,741.0,952.0,753.0,728.0,1151.0,1059.0,904.0,1106.0,1383.0,914.0,1097.0,1184.0,1414.0,964.0,874.0,1481.0,1114.0,1501.0,1736.0,1603.0,1323.0,1616.0,50.598333739623335,-104.36607659277888
716,4706,canola,27.0,14.8,13.0,20.5,22.0,24.6,25.0,21.5,17.3,24.9,19.2,22.9,26.3,25.8,19.3,25.9,20.5,22.9,30.3,27.7,24.1,32.2,37.5,31.1,29.7,26.6,40.4,32.2,37.2,41.9,33.9,39.5,42.6,43.7,28.1,42.0,50.598333739623335,-104.36607659277888
720,4706,flaxseed,18.7,10.7,12.2,21.6,23.7,18.6,22.7,20.8,20.8,23.4,18.9,19.8,20.9,18.2,17.7,17.7,16.5,12.0,23.6,22.5,18.2,21.9,25.5,18.2,20.2,22.8,28.9,20.9,23.2,28.7,19.6,22.4,21.0,23.1,13.1,28.2,50.598333739623335,-104.36607659277888
721,4706,lentils,1371.1,353.9,824.8,1358.1,1369.5,1248.6,1140.9,1122.9,1334.6,1395.6,1205.8,1443.4,1416.2,1252.2,998.7,875.1,934.3,1098.8,1332.3,1282.4,1347.4,1454.2,1686.6,1352.9,1248.8,1446.9,1735.6,1001.9,1317.9,1231.7,1326.0,1588.0,1803.0,1760.0,1255.0,1689.0,50.598333739623335,-104.36607659277888
723,4706,oats,58.9,30.7,41.0,57.7,50.4,55.7,64.1,61.1,64.9,69.0,56.1,63.0,58.8,61.4,46.0,53.9,47.2,59.5,66.0,60.8,58.5,71.5,69.5,60.3,64.3,62.4,84.8,74.3,81.3,88.1,57.7,60.8,58.3,65.6,43.1,77.6,50.598333739623335,-104.36607659277888
724,4706,peas,19.1,10.7,16.2,23.2,30.5,25.6,29.0,27.0,28.0,31.4,28.5,34.1,38.7,35.5,22.4,24.0,23.9,36.3,32.5,32.3,31.7,33.2,37.6,28.5,30.3,31.7,41.2,24.6,31.5,38.4,29.8,33.6,39.0,44.4,25.5,38.3,50.598333739623335,-104.36607659277888
726,4706,spring_wheat,29.3,13.9,24.8,33.2,30.7,30.4,27.6,26.6,28.4,33.9,26.1,30.2,33.5,31.2,24.3,26.6,27.7,28.2,34.3,32.3,29.3,36.9,39.7,35.5,37.0,36.8,53.1,39.1,40.2,44.8,44.5,44.7,43.2,46.7,36.6,48.4,50.598333739623335,-104.36607659277888
728,4707,barley,45.3,25.3,30.8,46.3,38.5,51.8,51.5,39.4,42.8,49.4,41.0,44.1,49.0,46.1,32.9,36.1,33.0,52.3,52.9,44.5,40.2,50.9,53.5,46.1,48.4,46.8,67.5,59.8,58.3,72.5,50.7,51.2,61.6,71.5,23.3,40.1,50.59843372224367,-106.61370299929524
730,4707,canola,26.7,11.8,12.0,19.4,26.2,28.2,27.7,21.8,19.8,24.8,18.6,22.3,27.0,25.4,17.3,21.0,15.5,28.0,27.4,25.8,21.5,30.5,35.6,33.3,32.8,28.0,41.6,36.9,36.8,44.2,33.0,34.8,40.8,42.2,17.5,28.1,50.59843372224367,-106.61370299929524
734,4707,flaxseed,17.6,8.0,11.7,21.0,22.0,17.1,24.2,19.6,21.7,22.7,18.5,19.1,20.7,18.1,17.4,16.7,14.7,17.5,21.8,20.3,16.4,20.7,23.3,19.6,21.9,22.6,28.7,21.2,22.3,27.1,20.5,20.5,22.2,26.8,9.5,12.6,50.59843372224367,-106.61370299929524
735,4707,lentils,1361.8,356.5,927.8,1408.9,1339.7,915.7,1160.5,1047.4,1313.7,1264.2,1092.8,1196.6,1375.1,1329.0,831.2,876.3,835.1,1201.5,1329.8,1160.4,1160.8,1294.0,1375.5,1435.1,1436.7,1448.6,1860.8,1474.7,1322.7,1113.0,1293.0,1249.0,1460.0,1577.0,772.0,1124.0,50.59843372224367,-106.61370299929524
737,4707,oats,54.7,25.0,40.3,49.7,51.2,56.6,59.8,46.0,48.9,56.5,45.1,50.5,55.1,54.3,38.0,40.5,34.3,58.3,60.8,53.4,50.4,59.0,55.0,54.8,60.8,60.2,64.2,53.7,52.2,68.1,50.3,61.1,49.7,50.1,16.4,62.5,50.59843372224367,-106.61370299929524
738,4707,peas,12.4,7.8,18.4,25.7,37.1,24.4,30.5,25.5,27.1,29.6,27.1,31.5,40.0,36.1,16.6,22.2,20.6,38.1,33.0,28.7,26.6,29.7,30.6,29.4,35.6,30.4,43.0,32.4,27.7,40.1,28.1,27.4,30.9,34.5,14.4,27.0,50.59843372224367,-106.61370299929524
740,4707,spring_wheat,27.8,11.4,23.4,30.4,33.8,30.2,31.1,25.9,27.0,33.7,26.9,27.1,32.2,29.5,22.7,22.4,21.6,31.1,31.1,29.3,24.8,30.8,32.2,34.2,35.8,32.0,47.9,36.2,35.2,41.2,39.4,38.2,40.8,45.9,22.5,33.7,50.59843372224367,-106.61370299929524
742,4810,barley,46.5,35.5,35.5,37.6,50.6,49.1,54.0,46.5,52.3,43.8,40.5,41.9,59.4,32.3,25.3,34.3,37.5,51.0,54.6,47.0,39.5,50.8,48.9,52.1,48.4,47.7,62.2,57.3,46.6,65.6,45.4,44.8,36.6,58.6,17.7,49.0,50.66459339741318,-110.90917219838504
744,4810,canola,33.1,19.3,20.9,27.6,29.8,20.2,27.2,22.1,24.5,23.2,18.5,18.3,27.8,19.8,16.6,20.2,19.2,32.2,30.6,30.5,24.1,31.6,36.5,39.7,36.6,33.0,38.4,35.9,29.5,46.7,26.2,28.6,27.2,36.0,14.6,23.3,50.66459339741318,-110.90917219838504
746,4810,durum_wheat,26.0,13.9,23.2,22.0,34.5,30.9,39.2,28.4,36.5,27.3,28.2,32.4,37.4,25.7,17.2,28.1,32.5,36.1,38.1,37.9,28.7,40.2,42.6,43.5,41.1,44.0,48.9,40.7,28.0,52.6,34.1,32.8,27.7,39.5,18.0,30.3,50.66459339741318,-110.90917219838504
750,4810,mustard,524.0,348.0,854.0,1526.0,946.0,443.0,1328.0,830.0,904.0,642.0,676.0,676.0,1037.0,749.0,291.0,348.0,379.0,769.0,756.0,850.0,744.0,670.0,934.0,1004.0,894.0,879.0,892.0,988.0,732.0,1164.0,596.0,703.0,627.0,1106.0,417.0,534.0,50.66459339741318,-110.90917219838504
751,4810,oats,40.0,29.7,28.9,31.1,52.9,55.8,66.1,51.1,42.5,39.3,33.7,42.2,69.6,27.7,14.8,19.2,30.0,47.8,58.3,42.1,36.8,44.0,51.6,64.8,52.5,58.1,63.6,53.4,45.1,71.2,33.4,82.3,51.6,78.0,37.2,53.9,50.66459339741318,-110.90917219838504
756,4820,barley,61.5,54.2,53.9,58.0,58.9,56.1,67.4,50.6,70.7,66.9,60.7,63.6,69.1,53.2,42.5,44.9,57.9,67.7,68.2,65.1,57.7,70.7,56.1,67.5,71.2,64.7,81.0,66.1,69.9,74.1,71.1,56.9,67.4,87.5,35.4,78.4,50.525908325688825,-112.54998268179422
758,4820,canola,31.4,26.2,24.0,25.9,30.2,22.4,32.1,22.8,30.8,28.6,26.7,28.5,32.3,22.1,19.4,25.8,27.9,38.2,38.0,35.4,31.0,42.9,36.3,43.3,44.5,33.7,45.2,39.6,44.8,50.1,41.4,32.3,38.1,46.9,20.6,33.8,50.525908325688825,-112.54998268179422
760,4820,durum_wheat,35.4,24.9,35.6,32.3,38.4,31.7,42.7,33.9,46.3,36.7,35.2,46.1,43.1,28.3,22.5,37.6,39.9,45.7,49.7,46.3,34.3,45.7,38.9,45.7,45.7,47.4,55.2,49.6,40.0,55.0,36.8,36.7,34.8,56.9,26.1,48.4,50.525908325688825,-112.54998268179422
762,4820,flaxseed,21.9,25.0,23.1,24.5,27.5,20.6,34.1,22.4,28.0,25.5,27.2,25.4,31.1,25.5,23.7,22.3,24.0,30.0,31.1,27.7,25.2,32.2,29.9,35.8,35.5,31.9,37.3,32.9,30.9,37.0,30.6,25.0,32.6,35.5,18.4,26.7,50.525908325688825,-112.54998268179422
764,4820,mustard,1225.0,815.0,957.0,678.0,1049.0,1499.0,1066.0,904.0,1255.0,865.0,841.0,886.0,1354.0,485.0,438.0,691.0,822.0,1019.0,1037.0,1025.0,797.0,978.0,888.0,1159.0,1031.0,851.0,921.0,1029.0,1004.0,1226.0,646.0,663.0,588.0,871.0,398.0,827.0,50.525908325688825,-112.54998268179422
765,4820,oats,69.5,62.2,52.6,55.8,64.8,63.4,80.6,67.0,82.8,56.3,43.9,71.4,74.7,46.5,30.4,65.3,62.7,75.8,73.3,79.3,57.9,77.4,68.7,104.4,90.8,98.3,106.1,79.1,84.0,90.2,113.5,69.5,48.4,97.4,59.7,100.5,50.525908325688825,-112.54998268179422
768,4820,spring_wheat,34.2,30.0,36.1,34.0,39.4,33.8,42.1,35.8,48.1,44.5,41.1,43.6,46.3,35.8,27.1,28.6,39.2,48.9,49.9,47.2,43.1,52.6,43.6,48.7,51.4,48.1,59.3,50.8,49.4,58.3,58.5,49.6,50.9,65.2,30.1,58.6,50.525908325688825,-112.54998268179422
769,4820,winter_wheat,35.0,19.8,31.8,35.7,37.6,32.8,49.6,42.5,43.9,32.0,20.4,39.3,51.9,31.5,34.7,44.1,55.9,49.5,56.8,52.7,45.7,51.6,40.3,71.2,55.2,58.8,70.9,66.0,47.7,52.6,63.2,58.4,44.0,67.3,42.7,60.8,50.525908325688825,-112.54998268179422
770,4830,barley,59.2,45.9,51.3,56.3,56.1,46.0,60.6,57.1,65.5,59.7,62.7,56.4,68.3,48.9,51.6,48.2,53.6,65.9,62.7,62.4,54.8,72.2,64.3,71.2,71.9,65.0,78.6,67.0,81.3,79.4,75.1,67.9,80.9,85.7,46.9,77.2,51.08772932452465,-115.17928029887176
772,4830,canola,27.0,23.5,23.9,24.3,30.2,9.6,25.8,21.6,25.3,23.9,27.4,28.1,31.6,19.3,23.5,19.1,25.3,37.6,35.8,39.6,33.3,42.8,36.1,38.3,43.6,34.7,44.5,39.3,47.6,49.6,44.7,35.8,45.3,48.6,24.9,29.0,51.08772932452465,-115.17928029887176
779,4830,oats,75.3,62.1,59.8,68.3,61.4,61.9,81.1,59.6,75.9,56.9,71.5,67.8,68.6,51.0,56.2,55.1,51.9,77.1,84.1,76.2,65.1,76.1,79.2,89.1,89.4,77.9,95.3,89.8,88.7,85.6,106.0,75.1,93.7,99.9,50.4,98.3,51.08772932452465,-115.17928029887176
782,4830,spring_wheat,32.9,25.4,32.6,36.3,35.5,24.8,37.6,34.7,46.9,41.8,44.7,45.0,46.4,35.0,32.7,37.8,37.7,55.1,46.8,49.1,42.4,52.2,47.0,55.1,55.5,53.2,65.6,57.1,62.1,62.0,61.7,54.4,63.5,69.5,36.8,57.2,51.08772932452465,-115.17928029887176
784,4840,barley,46.8,46.2,40.5,52.8,47.8,45.2,60.8,51.1,48.9,54.6,48.2,43.3,66.5,52.4,46.2,15.3,45.9,61.6,60.2,50.9,41.6,56.0,44.9,62.2,63.3,56.0,69.8,62.8,56.6,73.9,72.6,63.5,80.2,73.3,46.2,77.4,52.480854372682,-111.49854812755652
786,4840,canola,26.6,22.1,20.5,22.2,26.6,20.3,26.8,22.1,23.1,25.0,22.5,20.2,30.6,25.5,20.9,4.7,23.2,33.2,34.4,32.8,23.9,32.3,28.2,37.7,38.0,35.3,41.3,39.2,41.5,44.6,44.5,37.6,43.4,43.6,30.0,40.3,52.480854372682,-111.49854812755652
788,4840,durum_wheat,31.3,20.0,30.0,28.7,36.8,30.2,40.0,31.9,41.3,32.8,32.7,40.0,42.9,28.3,22.2,33.0,36.3,42.0,44.1,42.7,32.4,43.0,40.6,44.3,43.0,45.2,52.0,45.6,34.5,53.6,36.7,35.6,32.0,48.5,22.8,40.9,52.480854372682,-111.49854812755652
793,4840,oats,57.5,55.1,47.0,56.9,57.4,53.5,72.1,55.3,46.9,60.1,47.1,41.9,76.6,52.4,40.3,11.7,46.6,69.6,64.7,46.2,40.0,55.7,51.4,78.0,67.9,74.3,79.1,71.4,63.2,86.7,75.7,77.1,93.0,66.9,41.0,76.1,52.480854372682,-111.49854812755652
794,4840,peas,18.6,22.9,22.4,32.9,35.2,27.2,39.2,30.6,24.9,35.8,36.9,30.0,48.9,39.9,34.6,7.1,27.9,39.9,42.5,35.1,29.6,34.9,27.6,33.4,45.9,42.3,48.7,44.3,32.2,45.4,46.3,38.9,40.0,46.4,25.0,47.5,52.480854372682,-111.49854812755652
798,4841,barley,49.4,55.9,52.9,53.4,43.8,46.7,65.1,54.0,45.5,59.6,52.1,48.2,64.9,59.6,75.3,18.6,58.1,62.8,64.7,56.1,56.7,64.4,56.0,66.7,67.0,61.2,75.9,67.6,66.0,78.6,72.4,73.5,77.9,68.6,55.2,80.9,53.368658576328805,-111.69240489979885
800,4841,canola,25.4,24.3,24.6,24.4,20.4,20.5,25.5,20.9,19.3,23.7,25.5,24.3,31.9,29.3,27.5,8.3,30.1,31.9,38.2,33.3,28.4,37.5,30.1,43.0,37.5,34.6,45.5,40.2,42.9,43.1,46.8,42.5,44.0,40.6,30.9,42.9,53.368658576328805,-111.69240489979885
802,4841,durum_wheat,31.3,20.0,30.0,28.7,36.8,30.2,40.0,31.9,41.3,32.8,32.7,40.0,42.9,28.3,22.2,33.0,36.3,42.0,44.1,42.7,32.4,43.0,40.6,44.3,43.0,45.2,52.0,45.6,34.5,53.6,36.7,35.6,32.0,48.5,22.8,40.9,53.368658576328805,-111.69240489979885
807,4841,oats,64.2,68.0,65.7,60.7,48.8,48.8,75.7,66.8,53.1,73.0,68.8,54.4,70.7,75.0,59.9,19.5,72.1,72.0,82.6,63.7,57.8,71.9,57.1,81.9,81.0,85.0,97.4,77.8,90.8,102.5,93.1,104.9,106.9,103.9,61.2,110.3,53.368658576328805,-111.69240489979885
808,4841,peas,25.3,31.2,34.8,30.3,25.3,30.4,46.3,36.7,20.6,40.3,41.3,31.5,45.3,42.4,36.5,8.0,34.6,39.8,45.7,35.7,35.5,44.5,33.0,39.4,38.4,38.2,44.1,41.5,35.7,46.6,48.5,45.6,35.8,42.8,27.7,48.3,53.368658576328805,-111.69240489979885
812,4850,barley,59.8,70.7,57.5,63.0,61.5,61.9,71.6,59.5,71.5,68.8,64.7,66.6,71.3,67.9,64.8,43.8,68.0,74.7,79.0,60.5,57.5,76.0,63.6,73.1,65.3,58.6,76.8,71.5,73.1,81.2,77.9,74.2,83.9,65.5,69.3,79.4,52.69952215034705,-114.66762151397876
814,4850,canola,26.1,29.1,25.4,26.7,28.2,32.3,29.7,27.0,30.6,32.8,33.2,33.4,33.1,32.9,37.6,22.8,38.7,40.9,46.4,37.5,34.7,45.3,35.6,44.4,41.8,34.7,45.1,43.8,49.0,49.1,52.0,45.4,47.5,40.2,39.1,41.1,52.69952215034705,-114.66762151397876
816,4850,durum_wheat,31.3,20.0,30.0,28.7,36.8,30.2,40.0,31.9,41.3,32.8,32.7,40.0,42.9,28.3,22.2,33.0,36.3,42.0,44.1,42.7,32.4,43.0,40.6,44.3,43.0,45.2,52.0,45.6,34.5,53.6,36.7,35.6,32.0,48.5,22.8,40.9,52.69952215034705,-114.66762151397876
821,4850,oats,77.3,90.1,71.8,73.3,73.0,62.6,87.1,81.4,80.0,73.6,73.6,77.3,79.4,78.2,77.2,43.7,68.1,87.1,86.5,68.8,66.4,81.3,69.4,90.5,82.4,78.8,104.1,79.3,80.0,103.8,101.3,88.8,116.6,91.8,65.8,108.6,52.69952215034705,-114.66762151397876
822,4850,peas,34.4,42.4,35.5,41.6,45.2,30.6,44.8,44.6,46.2,50.2,47.2,47.6,44.9,42.5,42.8,21.1,41.4,48.5,46.1,36.4,34.3,53.4,43.7,44.1,36.4,38.9,44.2,48.6,41.3,50.2,50.3,53.1,37.7,42.4,40.9,50.7,52.69952215034705,-114.66762151397876
824,4850,spring_wheat,37.7,49.0,46.5,53.6,49.6,40.8,50.9,52.7,56.7,58.3,57.5,50.9,58.7,59.9,53.4,28.3,57.7,62.7,64.8,50.5,51.4,63.0,47.9,61.2,55.9,57.9,71.5,64.5,58.3,70.2,67.7,62.7,72.6,61.6,54.0,70.6,52.69952215034705,-114.66762151397876
826,4860,barley,50.8,64.6,46.0,60.3,51.3,47.8,67.6,60.4,59.2,61.0,51.1,56.5,62.9,62.4,58.8,41.0,62.5,66.7,70.9,62.0,59.4,69.4,62.0,70.7,62.9,56.8,76.9,67.9,61.5,78.5,70.0,73.6,61.9,52.3,52.8,79.1,56.4712974069548,-112.811068902416
828,4860,canola,24.5,24.2,21.5,24.2,21.8,20.4,25.3,19.3,19.9,26.3,26.1,29.8,32.7,31.0,33.1,29.1,39.8,38.7,43.0,37.7,34.9,42.6,39.2,47.5,41.1,36.5,44.1,41.3,45.2,45.7,45.8,44.9,38.3,35.2,35.5,43.7,56.4712974069548,-112.811068902416
830,4860,durum_wheat,31.3,20.0,30.0,28.7,36.8,30.2,40.0,31.9,41.3,32.8,32.7,40.0,42.9,28.3,22.2,33.0,36.3,42.0,44.1,42.7,32.4,43.0,40.6,44.3,43.0,45.2,52.0,45.6,34.5,53.6,36.7,35.6,32.0,48.5,22.8,40.9,56.4712974069548,-112.811068902416
835,4860,oats,67.2,84.0,65.1,66.2,57.3,49.0,85.1,69.9,68.0,71.9,73.0,67.6,60.5,77.0,74.7,47.0,67.3,81.5,85.4,65.8,70.2,78.4,68.7,88.6,85.8,86.9,96.4,85.2,71.8,99.5,110.4,98.2,105.5,74.2,61.8,96.9,56.4712974069548,-112.811068902416
836,4860,peas,33.4,41.2,29.1,39.3,45.5,34.4,39.0,31.5,32.1,44.0,43.5,43.1,43.2,47.5,38.9,21.2,43.3,49.0,46.3,41.3,40.7,48.9,52.0,50.4,39.3,49.6,53.2,53.8,41.0,51.2,48.9,55.0,31.8,38.6,28.8,47.1,56.4712974069548,-112.811068902416
840,4870,barley,44.5,56.5,48.7,46.6,47.5,45.1,52.1,52.2,62.2,53.3,48.9,47.1,41.7,58.6,56.1,46.8,52.0,56.2,66.9,53.1,59.7,47.3,55.8,47.5,64.8,53.6,65.8,61.5,57.4,71.2,68.0,78.2,68.4,61.9,46.7,69.2,56.94726785692247,-116.82790111619974
842,4870,canola,22.0,23.4,22.2,19.2,21.0,23.2,22.6,20.4,24.0,21.0,16.2,20.4,20.9,23.4,26.8,33.7,26.9,29.0,34.0,28.4,28.5,24.4,28.3,24.0,34.2,30.5,38.8,30.1,31.9,39.2,41.4,38.9,35.2,30.7,30.4,38.7,56.94726785692247,-116.82790111619974
844,4870,durum_wheat,31.3,20.0,30.0,28.7,36.8,30.2,40.0,31.9,41.3,32.8,32.7,40.0,42.9,28.3,22.2,33.0,36.3,42.0,44.1,42.7,32.4,43.0,40.6,44.3,43.0,45.2,52.0,45.6,34.5,53.6,36.7,35.6,32.0,48.5,22.8,40.9,56.94726785692247,-116.82790111619974
849,4870,oats,67.6,80.8,68.0,62.3,69.5,61.0,79.3,66.2,80.3,71.5,71.6,65.9,65.3,77.8,81.6,82.1,76.4,79.7,81.1,75.0,80.8,66.6,72.0,63.4,87.1,67.5,99.1,70.4,61.2,89.6,85.0,85.1,86.0,86.2,58.9,79.4,56.94726785692247,-116.82790111619974
850,4870,peas,24.3,29.9,21.1,31.0,34.9,24.6,26.9,28.7,41.3,34.6,32.5,28.9,29.6,39.9,38.6,26.6,29.5,33.7,50.6,38.9,41.7,28.4,33.1,30.0,37.0,32.4,48.0,36.4,32.2,46.0,42.0,45.2,38.8,26.6,25.3,41.0,56.94726785692247,-116.82790111619974
868,5902,barley,45.0,52.4,49.6,49.6,46.0,28.8,55.7,46.4,66.2,60.8,55.7,50.5,52.6,55.9,57.8,48.3,64.0,63.8,55.2,41.1,53.1,39.0,52.5,35.5,53.6,59.7,65.7,47.8,62.0,65.9,59.5,64.8,62.6,47.8,41.0,59.5,49.94322360096959,-122.650637706204
870,5902,canola,22.0,24.0,20.0,16.3,16.5,16.0,19.0,20.9,23.5,21.0,18.2,27.0,27.5,30.4,25.0,20.0,24.3,31.1,37.3,20.0,30.0,28.0,30.6,17.5,29.1,30.4,39.1,30.5,34.7,41.9,36.3,40.7,41.6,30.0,28.6,30.3,49.94322360096959,-122.650637706204
877,5902,oats,61.5,70.7,64.4,62.7,62.3,35.6,71.5,62.5,73.0,58.6,72.3,66.2,64.6,59.6,67.3,55.4,80.8,75.0,81.6,51.1,70.9,55.0,73.3,51.1,80.0,66.2,79.6,67.2,75.2,98.6,89.2,85.1,91.2,75.9,76.4,60.3,49.94322360096959,-122.650637706204
880,5902,spring_wheat,35.5,42.1,36.0,40.0,36.6,22.0,35.9,43.0,47.0,48.3,45.6,41.9,36.9,40.6,40.9,39.8,39.8,37.8,47.6,27.8,44.6,28.6,34.9,27.2,58.8,47.0,60.0,43.2,50.6,57.6,53.3,56.7,56.7,42.8,34.1,49.9,49.94322360096959,-122.650637706204
882,5903,barley,45.0,52.4,49.6,49.6,46.0,28.8,55.7,46.4,66.2,60.8,55.7,50.5,52.6,55.9,57.8,48.3,64.0,63.8,55.2,41.1,53.1,39.0,52.5,35.5,53.6,59.7,65.7,47.8,62.0,65.9,59.5,64.8,62.6,47.8,41.0,59.5,50.92777190418588,-119.50667966454576
884,5903,canola,22.0,24.0,20.0,16.3,16.5,16.0,19.0,20.9,23.5,21.0,18.2,27.0,27.5,30.4,25.0,20.0,24.3,31.1,37.3,20.0,30.0,28.0,30.6,17.5,29.1,30.4,39.1,30.5,34.7,41.9,36.3,40.7,41.6,30.0,28.6,30.3,50.92777190418588,-119.50667966454576
891,5903,oats,61.5,70.7,64.4,62.7,62.3,35.6,71.5,62.5,73.0,58.6,72.3,66.2,64.6,59.6,67.3,55.4,80.8,75.0,81.6,51.1,70.9,55.0,73.3,51.1,80.0,66.2,79.6,67.2,75.2,98.6,89.2,85.1,91.2,75.9,76.4,60.3,50.92777190418588,-119.50667966454576
894,5903,spring_wheat,35.5,42.1,36.0,40.0,36.6,22.0,35.9,43.0,47.0,48.3,45.6,41.9,36.9,40.6,40.9,39.8,39.8,37.8,47.6,27.8,44.6,28.6,34.9,27.2,58.8,47.0,60.0,43.2,50.6,57.6,53.3,56.7,56.7,42.8,34.1,49.9,50.92777190418588,-119.50667966454576
896,5904,barley,45.0,52.4,49.6,49.6,46.0,28.8,55.7,46.4,66.2,60.8,55.7,50.5,52.6,55.9,57.8,48.3,64.0,63.8,55.2,41.1,53.1,39.0,52.5,35.5,53.6,59.7,65.7,47.8,62.0,65.9,59.5,64.8,62.6,47.8,41.0,59.5,49.83704790998626,-116.69373228357688
898,5904,canola,22.0,24.0,20.0,16.3,16.5,16.0,19.0,20.9,23.5,21.0,18.2,27.0,27.5,30.4,25.0,20.0,24.3,31.1,37.3,20.0,30.0,28.0,30.6,17.5,29.1,30.4,39.1,30.5,34.7,41.9,36.3,40.7,41.6,30.0,28.6,30.3,49.83704790998626,-116.69373228357688
905,5904,oats,61.5,70.7,64.4,62.7,62.3,35.6,71.5,62.5,73.0,58.6,72.3,66.2,64.6,59.6,67.3,55.4,80.8,75.0,81.6,51.1,70.9,55.0,73.3,51.1,80.0,66.2,79.6,67.2,75.2,98.6,89.2,85.1,91.2,75.9,76.4,60.3,49.83704790998626,-116.69373228357688
908,5904,spring_wheat,35.5,42.1,36.0,40.0,36.6,22.0,35.9,43.0,47.0,48.3,45.6,41.9,36.9,40.6,40.9,39.8,39.8,37.8,47.6,27.8,44.6,28.6,34.9,27.2,58.8,47.0,60.0,43.2,50.6,57.6,53.3,56.7,56.7,42.8,34.1,49.9,49.83704790998626,-116.69373228357688
910,5905,barley,45.0,52.4,49.6,49.6,46.0,28.8,55.7,46.4,66.2,60.8,55.7,50.5,52.6,55.9,57.8,48.3,64.0,63.8,55.2,41.1,53.1,39.0,52.5,35.5,53.6,59.7,65.7,47.8,62.0,65.9,59.5,64.8,62.6,47.8,41.0,59.5,52.988351722499566,-122.54448886291252
912,5905,canola,22.0,24.0,20.0,16.3,16.5,16.0,19.0,20.9,23.5,21.0,18.2,27.0,27.5,30.4,25.0,20.0,24.3,31.1,37.3,20.0,30.0,28.0,30.6,17.5,29.1,30.4,39.1,30.5,34.7,41.9,36.3,40.7,41.6,30.0,28.6,30.3,52.988351722499566,-122.54448886291252
919,5905,oats,61.5,70.7,64.4,62.7,62.3,35.6,71.5,62.5,73.0,58.6,72.3,66.2,64.6,59.6,67.3,55.4,80.8,75.0,81.6,51.1,70.9,55.0,73.3,51.1,80.0,66.2,79.6,67.2,75.2,98.6,89.2,85.1,91.2,75.9,76.4,60.3,52.988351722499566,-122.54448886291252
922,5905,spring_wheat,35.5,42.1,36.0,40.0,36.6,22.0,35.9,43.0,47.0,48.3,45.6,41.9,36.9,40.6,40.9,39.8,39.8,37.8,47.6,27.8,44.6,28.6,34.9,27.2,58.8,47.0,60.0,43.2,50.6,57.6,53.3,56.7,56.7,42.8,34.1,49.9,52.988351722499566,-122.54448886291252
924,5906,barley,45.0,52.4,49.6,49.6,46.0,28.8,55.7,46.4,66.2,60.8,55.7,50.5,52.6,55.9,57.8,48.3,64.0,63.8,55.2,41.1,53.1,39.0,52.5,35.5,53.6,59.7,65.7,47.8,62.0,65.9,59.5,64.8,62.6,47.8,41.0,59.5,55.08823487181764,-130.12288622481967
926,5906,canola,22.0,24.0,20.0,16.3,16.5,16.0,19.0,20.9,23.5,21.0,18.2,27.0,27.5,30.4,25.0,20.0,24.3,31.1,37.3,20.0,30.0,28.0,30.6,17.5,29.1,30.4,39.1,30.5,34.7,41.9,36.3,40.7,41.6,30.0,28.6,30.3,55.08823487181764,-130.12288622481967
933,5906,oats,61.5,70.7,64.4,62.7,62.3,35.6,71.5,62.5,73.0,58.6,72.3,66.2,64.6,59.6,67.3,55.4,80.8,75.0,81.6,51.1,70.9,55.0,73.3,51.1,80.0,66.2,79.6,67.2,75.2,98.6,89.2,85.1,91.2,75.9,76.4,60.3,55.08823487181764,-130.12288622481967
936,5906,spring_wheat,35.5,42.1,36.0,40.0,36.6,22.0,35.9,43.0,47.0,48.3,45.6,41.9,36.9,40.6,40.9,39.8,39.8,37.8,47.6,27.8,44.6,28.6,34.9,27.2,58.8,47.0,60.0,43.2,50.6,57.6,53.3,56.7,56.7,42.8,34.1,49.9,55.08823487181764,-130.12288622481967
938,5907,barley,45.0,52.4,49.6,49.6,46.0,28.8,55.7,46.4,66.2,60.8,55.7,50.5,52.6,55.9,57.8,48.3,64.0,63.8,55.2,41.1,53.1,39.0,52.5,35.5,53.6,59.7,65.7,47.8,62.0,65.9,59.5,64.8,62.6,47.8,41.0,59.5,57.07359959441883,-128.4834725987946
940,5907,canola,22.0,24.0,20.0,16.3,16.5,16.0,19.0,20.9,23.5,21.0,18.2,27.0,27.5,30.4,25.0,20.0,24.3,31.1,37.3,20.0,30.0,28.0,30.6,17.5,29.1,30.4,39.1,30.5,34.7,41.9,36.3,40.7,41.6,30.0,28.6,30.3,57.07359959441883,-128.4834725987946
947,5907,oats,61.5,70.7,64.4,62.7,62.3,35.6,71.5,62.5,73.0,58.6,72.3,66.2,64.6,59.6,67.3,55.4,80.8,75.0,81.6,51.1,70.9,55.0,73.3,51.1,80.0,66.2,79.6,67.2,75.2,98.6,89.2,85.1,91.2,75.9,76.4,60.3,57.07359959441883,-128.4834725987946
950,5907,spring_wheat,35.5,42.1,36.0,40.0,36.6,22.0,35.9,43.0,47.0,48.3,45.6,41.9,36.9,40.6,40.9,39.8,39.8,37.8,47.6,27.8,44.6,28.6,34.9,27.2,58.8,47.0,60.0,43.2,50.6,57.6,53.3,56.7,56.7,42.8,34.1,49.9,57.07359959441883,-128.4834725987946
